step,query,infer_s,eef_x,eef_y,eef_z,eef_qx,eef_qy,eef_qz,eef_qw,gripper_q0,gripper_q1,joint_0,joint_1,joint_2,joint_3,joint_4,joint_5,joint_6,act_raw_0,act_raw_1,act_raw_2,act_raw_3,act_raw_4,act_raw_5,act_raw_6,act_env_0,act_env_1,act_env_2,act_env_3,act_env_4,act_env_5,act_env_6,akita_black_bowl_1_x,akita_black_bowl_1_y,akita_black_bowl_1_z,plate_1_x,plate_1_y,plate_1_z,force_akita_black_bowl_1,force_plate_1,force_other,n_contacts,model_grip,model_height,true_grip,true_height,sim_s
0,1,0.1124,-0.2060284966327901,-0.008319330885620752,1.1800995481953256,0.9995831119407963,0.0006809923218944469,-0.028864091366489937,5.293200713162374e-05,0.038721886618153484,-0.03872367851199141,-0.020019280896134962,-0.16391896535681444,0.002028014566023569,-2.4278344541973262,-0.001051423233159359,2.2061939842547726,0.7671529436087157,0.18790510296821594,-0.0662052184343338,0.07047915458679199,0.0011813724413514137,-0.068856380879879,-0.0032779518514871597,0.9984651207923889,0.18790510296821594,-0.0662052184343338,0.07047915458679199,0.0011813724413514137,-0.068856380879879,-0.0032779518514871597,-1.0,0.1373446163426878,-0.07046842643714812,0.8984038567263857,0.06890651203625157,0.19442107256407865,0.9024995673059236,0.0,0.0,0.0,0,0,2,0,2,0.0372
1,0,0.0,-0.20449650125931734,-0.008681166312445022,1.1808622527908756,0.9996581102602192,0.0004253947850169637,-0.026143437722798403,4.7898615715902954e-05,0.038834492008977775,-0.038855568369227905,-0.018957732190460475,-0.16320759419845401,0.00018105564494975385,-2.426023431167133,-0.0013275452282506687,2.210858009005656,0.7671109780193236,0.3542346954345703,-0.056500956416130066,-0.05853286385536194,-0.004451632499694824,-0.0673876404762268,-0.011025730520486832,0.9961025714874268,0.3542346954345703,-0.056500956416130066,-0.05853286385536194,-0.004451632499694824,-0.0673876404762268,-0.011025730520486832,-1.0,0.13734461635666328,-0.07046842644699125,0.8984040701014814,0.06890651204542565,0.1944210725940868,0.9024997617621902,0.0,0.0,0.0,0,0,2,0,2,0.036
2,0,0.0,-0.20123169566858323,-0.00940167800843866,1.181049729982106,0.9997773438883467,-9.465526462038021e-05,-0.021100248250960116,0.00018224074840559028,0.038902863493103915,-0.03892424369742637,-0.018128614391947028,-0.1585872914398815,-0.0020338410610944275,-2.42294069046034,-0.001933565622971214,2.2225754483184463,0.7672013382014542,0.4903506338596344,-0.03060029447078705,0.03876042366027832,-0.02791442722082138,-0.07153404504060745,0.012002702802419662,0.9991182684898376,0.4903506338596344,-0.03060029447078705,0.03876042366027832,-0.02791442722082138,-0.07153404504060745,0.012002702802419662,-1.0,0.13734461636084241,-0.07046842645020777,0.8984041283326119,0.06890651204757513,0.1944210726030302,0.9024998147869767,0.0,0.0,0.0,0,0,2,0,2,0.0362
3,0,0.0,-0.19656837713651684,-0.010133177339807118,1.1806441067957816,0.9998885498440201,6.466528809090377e-07,-0.01489189495737535,0.0010579957379334487,0.0389514962467107,-0.0389707819747515,-0.017333662970468303,-0.15017502494027604,-0.0037100375135072244,-2.417773197288398,-0.0043220973064878095,2.23835790018369,0.7675705731508922,0.7578743696212769,0.014430031180381775,0.0674460232257843,-0.037754908204078674,-0.06696895509958267,0.015718933194875717,1.0108039379119873,0.7578743696212769,0.014430031180381775,0.0674460232257843,-0.037754908204078674,-0.06696895509958267,0.015718933194875717,-1.0,0.1373446163620791,-0.0704684264512255,0.8984041442241787,0.0689065120480665,0.1944210726056731,0.9024998292459088,0.0,0.0,0.0,0,0,2,0,2,0.0371
4,1,0.1105,-0.18996547306709313,-0.010527852875316008,1.1803078327413727,0.9999691922427307,0.0009891881634682131,-0.0072447303696376785,0.0028548124400957172,0.03899712534579802,-0.03901428023684523,-0.01640108876963172,-0.1374048179811463,-0.004225857880963583,-2.4083888941107827,-0.00872755522496548,2.2572116639783353,0.7688136983709477,0.6700935363769531,0.03433030843734741,-0.08484505861997604,-0.01593789830803871,-0.15805579721927643,0.01615920290350914,1.001335620880127,0.6700935363769531,0.03433030843734741,-0.08484505861997604,-0.01593789830803871,-0.15805579721927643,0.01615920290350914,-1.0,0.13734461636244186,-0.07046842645154018,0.8984041485610657,0.06890651204817494,0.19442107260644856,0.9024998331886069,0.0,0.0,0.0,0,0,2,0,2,0.0369
5,0,0.0,-0.1816548965696716,-0.010307191999778973,1.1796572414950712,0.999986120585324,0.0022045641534837457,0.0018181980528790683,0.004426363004420256,0.03904101333274129,-0.03905568476805515,-0.015234606385637997,-0.12057363852858886,-0.0038589991143669596,-2.3960882773718684,-0.012272871467120538,2.2800356107908337,0.7702956585674986,0.7780950665473938,0.08030585944652557,-0.08448722213506699,-0.030773218721151352,-0.15766194462776184,0.01919465884566307,1.014953374862671,0.7780950665473938,0.08030585944652557,-0.08448722213506699,-0.030773218721151352,-0.15766194462776184,0.01919465884566307,-1.0,0.13734461636254747,-0.07046842645163584,0.8984041497446229,0.06890651204819766,0.19442107260667477,0.9024998342637116,0.0,0.0,0.0,0,0,2,0,2,0.0371
6,0,0.0,-0.17239043587751507,-0.009703792975861181,1.1785338154774798,0.9999041607327839,0.003528967851865017,0.01204049397330388,0.005851686940123115,0.03908227425775914,-0.03909605464824911,-0.013950464723972386,-0.10117955329287195,-0.0029807277610685093,-2.382778550013233,-0.015676174107684914,2.306651141869508,0.7721794103542445,0.826399028301239,0.1027163714170456,-0.09063564240932465,-0.03817782551050186,-0.14274132251739502,0.017536576837301254,1.00297212600708,0.826399028301239,0.1027163714170456,-0.09063564240932465,-0.03817782551050186,-0.14274132251739502,0.017536576837301254,-1.0,0.13734461636257805,-0.0704684264516645,0.8984041500676215,0.068906512048202,0.19442107260674044,0.9024998345568738,0.0,0.0,0.0,0,0,2,0,2,0.036
7,0,0.0,-0.16258738458822175,-0.008828239072730235,1.1768933632919314,0.9997080171274775,0.004961617102544502,0.022341836370297817,0.007752753986627506,0.03912156280294654,-0.03913489433744393,-0.01259669300800307,-0.07939127910085121,-0.0015045262530300708,-2.3681210065248934,-0.020646683343385503,2.3343721286224706,0.7756931979554224,0.8621160387992859,0.13290099799633026,-0.09769367426633835,-0.037402134388685226,-0.1385652720928192,0.015932001173496246,0.9962077736854553,0.8621160387992859,0.13290099799633026,-0.09769367426633835,-0.037402134388685226,-0.1385652720928192,0.015932001173496246,-1.0,0.13734461636258694,-0.07046842645167298,0.8984041501557689,0.0689065120482027,0.19442107260675937,0.9024998346368139,0.0,0.0,0.0,0,0,2,0,2,0.0367
8,1,0.1082,-0.15238045232979427,-0.007571476509493335,1.17492834358978,0.9994053399132122,0.006359218376438103,0.03242158548405358,0.009867506741666612,0.03915932033801631,-0.039171911699487,-0.01114505406530445,-0.055647609750211914,0.0005842877489314266,-2.3517572933538835,-0.026661623090915198,2.36187757543012,0.7808442976170227,0.8650622367858887,0.07931241393089294,-0.18802037835121155,-0.06464880704879761,-0.15324991941452026,-0.00196138396859169,1.001792073249817,0.8650622367858887,0.07931241393089294,-0.18802037835121155,-0.06464880704879761,-0.15324991941452026,-0.00196138396859169,-1.0,0.13734461636258946,-0.07046842645167549,0.8984041501798249,0.06890651204820271,0.19442107260676478,0.9024998346586124,0.0,0.0,0.0,0,0,2,0,2,0.0375
9,0,0.0,-0.14172118511318063,-0.006698588454154965,1.1724912549058217,0.9989890661635233,0.0071346927306951136,0.04248350883110901,0.012848864648910498,0.039193014472497505,-0.03920978914945619,-0.009921691254431595,-0.029699564647953126,0.0022524089345492253,-2.3338948252592187,-0.03605515752818216,2.3900219116342183,0.7891962310052016,0.8561831712722778,0.034117311239242554,-0.24523910880088806,-0.0512499064207077,-0.13084976375102997,-0.0019036512821912766,1.0024384260177612,0.8561831712722778,0.034117311239242554,-0.24523910880088806,-0.0512499064207077,-0.13084976375102997,-0.0019036512821912766,-1.0,0.13734461636259027,-0.07046842645167621,0.8984041501863897,0.06890651204820271,0.1944210726067663,0.9024998346645562,0.0,0.0,0.0,0,0,2,0,2,0.0381
10,0,0.0,-0.13104086299124196,-0.00617225303901439,1.1691302877208654,0.998491884787262,0.007343707541356492,0.051913053352373006,0.016280689947307244,0.03922611085824922,-0.03924520104552171,-0.008886770336736703,-0.0016261692748069218,0.0034319820613409593,-2.3153475490373987,-0.04749063224513338,2.4181686648013243,0.7996779988225814,0.8488847613334656,0.03933267295360565,-0.29347774386405945,-0.047858819365501404,-0.09824478626251221,0.004730893298983574,1.0002650022506714,0.8488847613334656,0.03933267295360565,-0.29347774386405945,-0.047858819365501404,-0.09824478626251221,0.004730893298983574,-1.0,0.1373446163625903,-0.07046842645167642,0.8984041501881814,0.06890651204820271,0.19442107260676675,0.9024998346661771,0.0,0.0,0.0,0,0,2,0,2,0.0358
11,0,0.0,-0.12066352137719781,-0.005635200354599168,1.1647844718483065,0.997977473832921,0.007592486772969809,0.06005256762872626,0.019416616282445218,0.039257858718445254,-0.03927902185841504,-0.007898873591342698,0.028208546930097916,0.004367348483485086,-2.296107235722204,-0.05887844502474076,2.4447055803792535,0.8099844125799166,0.8534755110740662,0.0477297306060791,-0.3364626169204712,-0.04378465563058853,-0.06777364015579224,0.006741683930158615,0.9931095242500305,0.8534755110740662,0.0477297306060791,-0.3364626169204712,-0.04378465563058853,-0.06777364015579224,0.006741683930158615,-1.0,0.1373446163625903,-0.07046842645167642,0.8984041501886704,0.06890651204820271,0.19442107260676675,0.9024998346666192,0.0,0.0,0.0,0,0,2,0,2,0.0357
12,1,0.1078,-0.11053567279804213,-0.005020722962662687,1.1595619322581905,0.9974846475920043,0.00809732834576865,0.06680163766437094,0.022278965354651657,0.0392880133604264,-0.03931162156665404,-0.0068940986478355035,0.059787198128008,0.005156421381719056,-2.2756145340860408,-0.07009959207206222,2.4689048023776494,0.8197611574558362,0.8744081854820251,0.040632642805576324,-0.3797931671142578,-0.03304062783718109,0.0022280849516391754,0.021945770829916,0.9861341118812561,0.8744081854820251,0.040632642805576324,-0.3797931671142578,-0.03304062783718109,0.0022280849516391754,0.021945770829916,-1.0,0.1373446163625903,-0.07046842645167642,0.8984041501888038,0.06890651204820271,0.19442107260676675,0.9024998346667397,0.0,0.0,0.0,0,0,2,0,2,0.0366
13,0,0.0,-0.10084252386196368,-0.0042244098610751705,1.1531628176214959,0.9971084617679206,0.009121913819114813,0.0712913311034743,0.02467898435069566,0.03931692334035197,-0.039342771544446986,-0.005824193020734517,0.09360941880412892,0.005951498584910136,-2.253333690849336,-0.08017325353367796,2.488913198156776,0.8277983685836711,0.8718814253807068,0.03538279980421066,-0.38362693786621094,-0.030654601752758026,0.001804303377866745,0.023393429815769196,0.995007336139679,0.8718814253807068,0.03538279980421066,-0.38362693786621094,-0.030654601752758026,0.001804303377866745,0.023393429815769196,-1.0,0.1373446163625903,-0.07046842645167642,0.8984041501888405,0.06890651204820271,0.19442107260676675,0.9024998346667725,0.0,0.0,0.0,0,0,2,0,2,0.0361
14,0,0.0,-0.0910979257394474,-0.003471686340010934,1.1463211331750447,0.9968204097025277,0.010587971569895382,0.0743224646201824,0.026704623406827388,0.039343610894287125,-0.03937356706344814,-0.00475870887536715,0.12905887295724644,0.006464376330149097,-2.2280811088109407,-0.08904464515570687,2.504855742386502,0.8338137533537757,0.8731998205184937,0.04103412479162216,-0.40100252628326416,-0.02519853785634041,0.0016321782022714615,0.024587899446487427,0.9948417544364929,0.8731998205184937,0.04103412479162216,-0.40100252628326416,-0.02519853785634041,0.0016321782022714615,0.024587899446487427,-1.0,0.1373446163625903,-0.07046842645167642,0.8984041501888503,0.06890651204820271,0.19442107260676675,0.9024998346667815,0.0,0.0,0.0,0,0,2,0,2,0.0356
15,0,0.0,-0.08105198939992778,-0.002771081668154593,1.139542416684294,0.9965640671699527,0.01221797147024184,0.07682599683637055,0.028434968066305164,0.03936922273809913,-0.03940297335773393,-0.0036687944848889957,0.16536962179871167,0.006738233646554508,-2.1999898555938495,-0.09681613995927676,2.517810257114947,0.8384216667434338,0.8834110498428345,0.04584992676973343,-0.4015827476978302,-0.02317901700735092,0.0014125611633062363,0.02469976246356964,0.9977211952209473,0.8834110498428345,0.04584992676973343,-0.4015827476978302,-0.02317901700735092,0.0014125611633062363,0.02469976246356964,-1.0,0.1373446163625903,-0.07046842645167642,0.898404150188853,0.06890651204820271,0.19442107260676675,0.9024998346667837,0.0,0.0,0.0,0,0,2,0,2,0.0364
16,1,0.1064,-0.07072848722915595,-0.002079376673202131,1.1328333405993252,0.9963282125095559,0.013918530233738846,0.0790045881862044,0.029910575373476227,0.03939350619894564,-0.03943134824642136,-0.0025198180508147292,0.2023114500467643,0.006836705531025355,-2.1693915354413584,-0.10358723431185295,2.5282849040409303,0.8419473693722161,0.9925150275230408,0.16645681858062744,-0.18738774955272675,-0.05130217596888542,0.0027415109798312187,0.013172440230846405,1.0161105394363403,0.9925150275230408,0.16645681858062744,-0.18738774955272675,-0.05130217596888542,0.0027415109798312187,0.013172440230846405,-1.0,0.1373446163625903,-0.07046842645167642,0.898404150188853,0.06890651204820271,0.19442107260676675,0.9024998346667837,0.0,0.0,0.0,0,0,2,0,2,0.0369
17,0,0.0,-0.0597185994259289,-0.0013249583054517492,1.127374588458599,0.996021291431376,0.01567331031104585,0.08173612205756757,0.03186127289134277,0.0394167377606778,-0.03945851792394743,-0.0010389810827826796,0.23835496820376778,0.006878154943986031,-2.1352862767225385,-0.1118814986676179,2.5354629652079246,0.8466149636018957,0.9932230114936829,0.1773923933506012,-0.187193363904953,-0.04758455976843834,0.0006301281973719597,0.012396562844514847,1.0228484869003296,0.9932230114936829,0.1773923933506012,-0.187193363904953,-0.04758455976843834,0.0006301281973719597,0.012396562844514847,-1.0,0.1373446163625903,-0.07046842645167642,0.898404150188853,0.06890651204820271,0.19442107260676675,0.9024998346667837,0.0,0.0,0.0,0,0,2,0,2,0.0365
18,0,0.0,-0.04821138657052113,-4.862822933068313e-05,1.1230525771429485,0.9956781581494952,0.017338288465874874,0.08453307660831669,0.03432998829352391,0.03943971006389417,-0.03948378473263478,0.0010456542652176714,0.27368788133691635,0.007385540027204666,-2.0978043456519044,-0.121871769095843,2.538406068144238,0.8535619880203722,0.9901593923568726,0.16213549673557281,-0.2043432891368866,-0.03871525079011917,0.015573709271848202,0.013751663267612457,1.0114895105361938,0.9901593923568726,0.16213549673557281,-0.2043432891368866,-0.03871525079011917,0.015573709271848202,0.013751663267612457,-1.0,0.1373446163625903,-0.07046842645167642,0.898404150188853,0.06890651204820271,0.19442107260676675,0.9024998346667837,0.0,0.0,0.0,0,0,2,0,2,0.0385
19,0,0.0,-0.0366402476424326,0.0017307122923237777,1.1188093272789945,0.9953889458884544,0.01878329992858102,0.08660138294907288,0.03671831311718454,0.03946133140863939,-0.03950833026971288,0.003532194434127064,0.3094542001954956,0.00831499809967522,-2.0578539388768706,-0.13155478847896673,2.5376944519937545,0.8612482929604298,0.9587202072143555,0.13007678091526031,-0.24411144852638245,-0.01982056349515915,0.027668464928865433,0.016324732452630997,0.9993029236793518,0.9587202072143555,0.13007678091526031,-0.24411144852638245,-0.01982056349515915,0.027668464928865433,0.016324732452630997,-1.0,0.1373446163625903,-0.07046842645167642,0.898404150188853,0.06890651204820271,0.19442107260676675,0.9024998346667837,0.0,0.0,0.0,0,0,2,0,2,0.0433
20,1,0.1069,-0.02524158250701563,0.0038572395905253857,1.1142408391233185,0.9952039824082527,0.020006578947268483,0.08765004124982365,0.03855178940703873,0.039481734263702786,-0.03953211066836328,0.006131912589013833,0.3459032298735698,0.009573780621754362,-2.0160359484276578,-0.13909422312918193,2.533745023425892,0.8678655189386182,0.918367862701416,0.14906467497348785,-0.33567965030670166,-0.05385568365454674,0.07150129973888397,0.0061562322080135345,1.0255868434906006,0.918367862701416,0.14906467497348785,-0.33567965030670166,-0.05385568365454674,0.07150129973888397,0.0061562322080135345,-1.0,0.1373446163625903,-0.07046842645167642,0.898404150188853,0.06890651204820271,0.19442107260676675,0.9024998346667837,0.0,0.0,0.0,0,0,1,0,2,0.0378
21,0,0.0,-0.01443162738036816,0.005444311320742289,1.1087678129361498,0.9951688504930849,0.021077985251356623,0.08678355963164706,0.04078346875481183,0.039499086673416776,-0.039557048467171105,0.008802609522884653,0.38350536869291924,0.010009952125958793,-1.9727258229185893,-0.14683265977069654,2.5254823274992027,0.8739320150126275,0.9364256858825684,0.07584044337272644,-0.34295356273651123,-0.04721945896744728,0.08184503763914108,0.0019356291741132736,0.9874942302703857,0.9364256858825684,0.07584044337272644,-0.34295356273651123,-0.04721945896744728,0.08184503763914108,0.0019356291741132736,-1.0,0.1373446163625903,-0.07046842645167642,0.898404150188853,0.06890651204820271,0.19442107260676675,0.9024998346667837,0.0,0.0,0.0,0,0,1,0,2,0.0374
22,0,0.0,-0.00381173256663735,0.006551414170061665,1.1026681328869328,0.9952136119107601,0.021943404708358094,0.08463721486914998,0.0436451087355299,0.039516086899587854,-0.03958052965009743,0.011632042915963994,0.4225162981224707,0.009774928828439706,-1.9269554360293721,-0.15518347934169444,2.513658960065048,0.8801326733056647,0.9725721478462219,-0.035468026995658875,-0.3617551326751709,-0.0345073826611042,0.08679515868425369,0.00031238235533237457,0.9841588735580444,0.9725721478462219,-0.035468026995658875,-0.3617551326751709,-0.0345073826611042,0.08679515868425369,0.00031238235533237457,-1.0,0.1373446163625903,-0.07046842645167642,0.898404150188853,0.06890651204820271,0.19442107260676675,0.9024998346667837,0.0,0.0,0.0,0,0,1,0,2,0.0366
23,0,0.0,0.007079202199815608,0.007157386105165276,1.0962987715925343,0.9952891832757044,0.022356013292734123,0.08213665025297964,0.04640281251448554,0.03953145870323592,-0.03960390496233455,0.014216835297101835,0.46313020432327806,0.008974882392409423,-1.8780403127987615,-0.16188280376700107,2.4996980973129923,0.8849519102588448,0.9922608733177185,-0.06643593311309814,-0.35443225502967834,-0.034552525728940964,0.08059170842170715,-0.0002251807600259781,0.9877333045005798,0.9922608733177185,-0.06643593311309814,-0.35443225502967834,-0.034552525728940964,0.08059170842170715,-0.0002251807600259781,-1.0,0.1373446163625903,-0.07046842645167642,0.898404150188853,0.06890651204820271,0.19442107260676675,0.9024998346667837,0.0,0.0,0.0,0,0,1,0,1,0.0372
24,1,0.1067,0.018354317297562775,0.007110215624942837,1.0898858305919046,0.9953636748560055,0.022539509600406626,0.0796654303732537,0.04895451447582917,0.03954586805892709,-0.03962658317805758,0.016398294894071734,0.5051137064898837,0.0075277085544229955,-1.825861147597472,-0.16654257600658068,2.484116866973186,0.8874345612676373,0.8067750930786133,0.0379120409488678,-0.35396111011505127,-0.047175344079732895,0.06301578134298325,0.016265656799077988,0.9997075200080872,0.8067750930786133,0.0379120409488678,-0.35396111011505127,-0.047175344079732895,0.06301578134298325,0.016265656799077988,-1.0,0.1373446163625903,-0.07046842645167642,0.898404150188853,0.06890651204820271,0.19442107260676675,0.9024998346667837,0.0,0.0,0.0,0,0,1,0,1,0.0373
25,0,0.0,0.02911933909203271,0.007132971964725763,1.0839258558997833,0.9954579893446462,0.023374299738590842,0.07655423549726156,0.05154107671627704,0.03956132247652343,-0.03964662648042221,0.018646222296194732,0.5457486345814165,0.006320416608275762,-1.772970229639254,-0.17040517255585896,2.465175581335551,0.8878370002569416,0.8304674029350281,-0.006176769733428955,-0.3651238679885864,-0.029019035398960114,0.053225357085466385,0.016926515847444534,1.0017231702804565,0.8304674029350281,-0.006176769733428955,-0.3651238679885864,-0.029019035398960114,0.053225357085466385,0.016926515847444534,-1.0,0.1373446163625903,-0.07046842645167642,0.898404150188853,0.06890651204820271,0.19442107260676675,0.9024998346667837,0.0,0.0,0.0,0,0,1,0,1,0.0362
26,0,0.0,0.039505994543660175,0.007542248088531905,1.0784745435547582,0.9955270928450013,0.024578702113010165,0.0736026175244126,0.0538920171043329,0.03957554002792729,-0.039666382835005703,0.020978330230915603,0.5852202981881078,0.005542329563768331,-1.7198439151383744,-0.1733757396988173,2.445340299591142,0.8871679720580499,0.8351973295211792,-0.07765373587608337,-0.3866766691207886,-0.005405436269938946,0.0513668917119503,0.016372237354516983,0.9997780919075012,0.8351973295211792,-0.07765373587608337,-0.3866766691207886,-0.005405436269938946,0.0513668917119503,0.016372237354516983,-1.0,0.1373446163625903,-0.07046842645167642,0.898404150188853,0.06890651204820271,0.19442107260676675,0.9024998346667837,0.0,0.0,0.0,0,0,1,0,1,0.0377
27,0,0.0,0.04986177783600784,0.007875533797158435,1.0728484674352474,0.9955951649089925,0.025532884957134516,0.07117791385426278,0.055426022543167267,0.03958825632418142,-0.03968618119078036,0.02284625442993137,0.6252868479963433,0.004790698651752976,-1.6657549842157584,-0.17379503130002014,2.4263878783701975,0.8847139525093116,0.8490177392959595,-0.05923311412334442,-0.4158022999763489,0.0013118055649101734,0.05431747809052467,0.02453688532114029,0.9915406703948975,0.8490177392959595,-0.05923311412334442,-0.4158022999763489,0.0013118055649101734,0.05431747809052467,0.02453688532114029,-1.0,0.1373446163625903,-0.07046842645167642,0.898404150188853,0.06890651204820271,0.19442107260676675,0.9024998346667837,0.0,0.0,0.0,0,0,1,0,1,0.0366
28,1,0.1053,0.06014276733503714,0.008049641842989686,1.0667652084453048,0.9956748627958134,0.02665072053138201,0.06909487631718592,0.05609995328347822,0.039600596623581716,-0.039704960286796306,0.024113331164926262,0.6664786455672361,0.0041059068212861635,-1.6104457351958565,-0.17169864328764423,2.4083136746918807,0.8795924966835047,0.8259632587432861,-0.17615823447704315,-0.2866092622280121,-0.020923152565956116,0.005041877739131451,0.002623381093144417,0.9941374063491821,0.8259632587432861,-0.17615823447704315,-0.2866092622280121,-0.020923152565956116,0.005041877739131451,0.002623381093144417,-1.0,0.1373446163625903,-0.07046842645167642,0.898404150188853,0.06890651204820271,0.19442107260676675,0.9024998346667837,0.0,0.0,0.0,0,0,1,0,1,0.0388
29,0,0.0,0.07068514691628335,0.006917646644100276,1.0615868287589312,0.9956512834689333,0.027296074190250097,0.06823102757206952,0.05725358448974728,0.03960853290201437,-0.039726806928372244,0.02483677877716486,0.7069223304060188,0.0018807439596812228,-1.5536606140636884,-0.1696942992936738,2.3907185007056566,0.87390594161727,0.870804488658905,-0.14221160113811493,-0.2799716889858246,-0.02285023033618927,0.015432140789926052,0.004712138324975967,1.0021127462387085,0.870804488658905,-0.14221160113811493,-0.2799716889858246,-0.02285023033618927,0.015432140789926052,0.004712138324975967,-1.0,0.1373446163625903,-0.07046842645167642,0.898404150188853,0.06890651204820271,0.19442107260676675,0.9024998346667837,0.0,0.0,0.0,0,0,1,0,1,0.036
30,0,0.0,0.08131601530410287,0.005079185928326508,1.0571824551624924,0.9955367054705115,0.02763463891053264,0.06843035161445077,0.05882415975707961,0.03961933812454154,-0.03974450411834794,0.025339121643325697,0.7468954678859159,-0.001093377751459486,-1.4957108210125982,-0.1679304982281562,2.373578591735031,0.8682280787087733,0.7743274569511414,-0.09127099812030792,-0.287678062915802,-0.011731213890016079,0.020748622715473175,0.009520230814814568,1.0046814680099487,0.7743274569511414,-0.09127099812030792,-0.287678062915802,-0.011731213890016079,0.020748622715473175,0.009520230814814568,-1.0,0.1373446163625903,-0.07046842645167642,0.898404150188853,0.06890651204820271,0.19442107260676675,0.9024998346667837,0.0,0.0,0.0,0,0,1,0,1,0.0358
31,0,0.0,0.09132401417099215,0.0037272053287979515,1.0526533910150127,0.9954622145848536,0.028242132889708726,0.06828345329315924,0.05995607784051794,0.039631198370441274,-0.03975992507606866,0.025836634620089557,0.7867529689257677,-0.0033966188415148445,-1.437417640383839,-0.16526559269949295,2.3552092292096214,0.8619236073770895,0.6553829312324524,-0.04963111877441406,-0.29269054532051086,-0.00274527701549232,0.018977206200361252,0.01726474240422249,1.0317339897155762,0.6553829312324524,-0.04963111877441406,-0.29269054532051086,-0.00274527701549232,0.018977206200361252,0.01726474240422249,-1.0,0.1373446163625903,-0.07046842645167642,0.898404150188853,0.06890651204820271,0.19442107260676675,0.9024998346667837,0.0,0.0,0.0,0,0,1,0,1,0.0361
32,1,0.1078,0.10030572716554868,0.0030449371159646833,1.0482742990626153,0.9954727649473563,0.029169909288273677,0.06728462184127555,0.06046379333001652,0.03964248853710935,-0.039774748344040045,0.026347832015614372,0.8252484109677846,-0.004792801316259348,-1.3799799293411232,-0.1615385129180933,2.334654353588746,0.8548658675952833,0.785926878452301,-0.07496106624603271,-0.5293938517570496,0.0015336927026510239,-0.004824523348361254,0.02289857715368271,1.0483068227767944,0.785926878452301,-0.07496106624603271,-0.5293938517570496,0.0015336927026510239,-0.004824523348361254,0.02289857715368271,-1.0,0.1373446163625903,-0.07046842645167642,0.898404150188853,0.06890651204820271,0.19442107260676675,0.9024998346667837,0.0,0.0,0.0,0,0,1,0,1,0.0374
33,0,0.0,0.10950319445764126,0.0025021327664574017,1.0427951575146037,0.9953904615667425,0.03045417571286213,0.06784212061009441,0.06056252037954257,0.03965224148462192,-0.03978999029337542,0.02660223611369794,0.8667606838680296,-0.006135440756018615,-1.3210011214364552,-0.15747965621429572,2.319065928930232,0.8472411150102954,0.7520633935928345,-0.02399560809135437,-0.4747536778450012,0.0009149215184152126,-0.0036250678822398186,0.035006821155548096,1.0360846519470215,0.7520633935928345,-0.02399560809135437,-0.4747536778450012,0.0009149215184152126,-0.0036250678822398186,0.035006821155548096,-1.0,0.1373446163625903,-0.07046842645167642,0.898404150188853,0.06890651204820271,0.19442107260676675,0.9024998346667837,0.0,0.0,0.0,0,0,1,0,1,0.0381
34,0,0.0,0.11875217983697667,0.0020620207199159475,1.0358832950539634,0.9952187116987105,0.032291904301912866,0.06961892269379266,0.060416507713283295,0.039662119933169815,-0.03980403605852807,0.026675861985170093,0.9112896630177956,-0.00736279313326474,-1.2603717165310213,-0.15329821186574907,2.307146071221065,0.8387903062588268,0.7018269896507263,-0.04056255519390106,-0.4778733253479004,-0.0005576335825026035,-0.003330017440021038,0.04145016521215439,1.0649147033691406,0.7018269896507263,-0.04056255519390106,-0.4778733253479004,-0.0005576335825026035,-0.003330017440021038,0.04145016521215439,-1.0,0.1373446163625903,-0.07046842645167642,0.898404150188853,0.06890651204820271,0.19442107260676675,0.9024998346667837,0.0,0.0,0.0,0,0,1,0,1,0.0369
35,0,0.0,0.12741597125559168,0.0017072837065372666,1.028814116527188,0.9950209695031251,0.034658274713346315,0.07139737333629093,0.06028672593227107,0.03967083065152683,-0.03981822505539784,0.02669774718347879,0.9561260401928495,-0.008461340485914603,-1.1990037958591222,-0.14921768847737507,2.2948134789928165,0.8295040482366409,0.5663192868232727,-0.0964161604642868,-0.515166163444519,0.002508134115487337,-0.0023491596803069115,0.0585554763674736,1.029954195022583,0.5663192868232727,-0.0964161604642868,-0.515166163444519,0.002508134115487337,-0.0023491596803069115,0.0585554763674736,-1.0,0.1373446163625903,-0.07046842645167642,0.898404150188853,0.06890651204820271,0.19442107260676675,0.9024998346667837,0.0,0.0,0.0,0,0,1,0,1,0.0367
36,1,0.1082,0.13506801994567377,0.0011561827314015734,1.0216158453020743,0.9948417296371317,0.03763370637796004,0.07240003310566,0.060265017407747035,0.03967884515321765,-0.03983212981912377,0.026518138263474187,1.0004297707943461,-0.009622500673785247,-1.1379773038614718,-0.14505082420839832,2.28073892425261,0.818727085752539,0.6894892454147339,0.004480913281440735,-0.32444703578948975,-0.00024474458768963814,0.01980489492416382,9.537115693092346e-05,0.999728798866272,0.6894892454147339,0.004480913281440735,-0.32444703578948975,-0.00024474458768963814,0.01980489492416382,9.537115693092346e-05,-1.0,0.1373446163625903,-0.07046842645167642,0.898404150188853,0.06890651204820271,0.19442107260676675,0.9024998346667837,0.0,0.0,0.0,0,0,1,0,1,0.0369
37,0,0.0,0.14235728291267624,0.000516661438665883,1.0151495301708033,0.9946622759412664,0.03966612950533471,0.07392762099911682,0.06006880923420711,0.03968669234310998,-0.03984525997189915,0.02623300281423836,1.0442591544954003,-0.010926832506407897,-1.0756410638884362,-0.14037707407476344,2.2660293270733503,0.809669402838953,0.6258764266967773,-0.027786388993263245,-0.35965728759765625,0.0006828573532402515,0.0043778568506240845,-0.00042771920561790466,0.9856720566749573,0.6258764266967773,-0.027786388993263245,-0.35965728759765625,0.0006828573532402515,0.0043778568506240845,-0.00042771920561790466,-1.0,0.1373446163625903,-0.07046842645167642,0.898404150188853,0.06890651204820271,0.19442107260676675,0.9024998346667837,0.0,0.0,0.0,0,0,1,0,1,0.0361
38,0,0.0,0.14939335093673808,-7.233927960015839e-05,1.0091992527283202,0.9944841020036144,0.040279210532034315,0.07616146257088732,0.05981962621116255,0.03969429556807166,-0.03985773114883921,0.026038944768468218,1.088593206336468,-0.012417693272870671,-1.0111545789186216,-0.13566988041660144,2.250825928671177,0.8034462704204011,0.3169153332710266,-0.09037679433822632,-0.42013120651245117,-0.0003892253153026104,-0.0004999758675694466,0.0005426835268735886,0.9854182600975037,0.3169153332710266,-0.09037679433822632,-0.42013120651245117,-0.0003892253153026104,-0.0004999758675694466,0.0005426835268735886,-1.0,0.1373446163625903,-0.07046842645167642,0.898404150188853,0.06890651204820271,0.19442107260676675,0.9024998346667837,0.0,0.0,0.0,0,0,1,0,1,0.037
39,0,0.0,0.1547665174143885,-0.0009165247541107341,1.003305805077786,0.9944796029223484,0.04037484090792515,0.07615111083174435,0.05984312752654509,0.03970120518624541,-0.039870034314789346,0.025824876428180644,1.1312359514194101,-0.014164133283142743,-0.9478834896151085,-0.1311784999596509,2.2302687741988105,0.7981272343809344,0.06733231991529465,-0.16152013838291168,-0.5132561326026917,0.020868834108114243,-0.007802452426403761,0.0019479840993881226,0.9904928207397461,0.06733231991529465,-0.16152013838291168,-0.5132561326026917,0.020868834108114243,-0.007802452426403761,0.0019479840993881226,-1.0,0.1373446163625903,-0.07046842645167642,0.898404150188853,0.06890651204820271,0.19442107260676675,0.9024998346667837,0.0,0.0,0.0,0,0,1,0,1,0.0373
40,1,0.107,0.15810120844284556,-0.001951936506510989,0.9977638433413513,0.9947280067683439,0.04014306987487071,0.07314984001673193,0.05961398659059965,0.03970811368623636,-0.03988151436789081,0.02531302125850576,1.1704322630400505,-0.015797209782723427,-0.8880798985032551,-0.1259135178930974,2.2038100079010117,0.7926520143270509,0.16197866201400757,-0.04942066967487335,-0.5787942409515381,0.021806471049785614,-0.04510100558400154,0.06778328120708466,0.9731584787368774,0.16197866201400757,-0.04942066967487335,-0.5787942409515381,0.021806471049785614,-0.04510100558400154,0.06778328120708466,-1.0,0.1373446163625903,-0.07046842645167642,0.898404150188853,0.06890651204820271,0.19442107260676675,0.9024998346667837,0.0,0.0,0.0,0,0,1,0,1,0.0385
41,0,0.0,0.16127613526455564,-0.002316732795265569,0.9923343724382917,0.9948247878437356,0.041781445338576306,0.07176903933889812,0.05854192779074466,0.03971678569778062,-0.03989044489127009,0.02463519343626223,1.209266693228948,-0.016414795429483913,-0.829760515611244,-0.12000850727970036,2.1824027084119773,0.7835599609546305,-0.08191463351249695,-0.22145797312259674,-0.6303753852844238,0.03448272868990898,-0.0742684081196785,0.030493449419736862,0.990355372428894,-0.08191463351249695,-0.22145797312259674,-0.6303753852844238,0.03448272868990898,-0.0742684081196785,0.030493449419736862,-1.0,0.1373446163625903,-0.07046842645167642,0.898404150188853,0.06890651204820271,0.19442107260676675,0.9024998346667837,0.0,0.0,0.0,0,0,1,0,1,0.0371
42,0,0.0,0.1636581092217713,-0.0032482806592446147,0.9865194439751717,0.9949001584395548,0.04387442747412179,0.07040161098597308,0.05737876367912397,0.039721038866176145,-0.03990304130281601,0.023220856182934298,1.2470522531365669,-0.01741693430782459,-0.7741786271662391,-0.11371741302510731,2.1623462888063005,0.7733000825163158,-0.42943596839904785,-0.3755980134010315,-0.6679161190986633,0.046419527381658554,-0.10385963320732117,3.997422754764557e-05,0.9616343975067139,-0.42943596839904785,-0.3755980134010315,-0.6679161190986633,0.046419527381658554,-0.10385963320732117,3.997422754764557e-05,-1.0,0.1373446163625903,-0.07046842645167642,0.898404150188853,0.06890651204820271,0.19442107260676675,0.9024998346667837,0.0,0.0,0.0,0,0,1,0,1,0.0375
43,0,0.0,0.16409209031330058,-0.005774999327308674,0.981531800009029,0.9952986230404489,0.04385938517794624,0.06564702845282763,0.05610234363118857,0.039724399833833,-0.03991580212107781,0.020460362875235553,1.2798071903439394,-0.019524503875467728,-0.7235454511927316,-0.10598308581362192,2.135235148696772,0.7648211520061885,-0.691169261932373,-0.3691345453262329,-0.7094368934631348,0.05561467260122299,-0.11412259191274643,0.0016465745866298676,1.0046145915985107,-0.691169261932373,-0.3691345453262329,-0.7094368934631348,0.05561467260122299,-0.11412259191274643,0.0016465745866298676,-1.0,0.1373446163625903,-0.07046842645167642,0.898404150188853,0.06890651204820271,0.19442107260676675,0.9024998346667837,0.0,0.0,0.0,0,0,1,0,1,0.0378
44,1,0.1054,0.1627253672678212,-0.00896805601705121,0.9779964689702249,0.9959736881195157,0.042640741762168644,0.05746638926990207,0.05399809089088306,0.03972992165770997,-0.03992571055613968,0.016759427730406277,1.306482519401394,-0.021681206685633413,-0.6784364068856299,-0.09647155721947441,2.1007264086571724,0.7567131822926019,-0.42720699310302734,-0.0034594684839248657,-0.5964841842651367,0.019053597003221512,-0.0958651676774025,-0.0062436070293188095,0.980291485786438,-0.42720699310302734,-0.0034594684839248657,-0.5964841842651367,0.019053597003221512,-0.0958651676774025,-0.0062436070293188095,-1.0,0.1373446163625903,-0.07046842645167642,0.898404150188853,0.06890651204820271,0.19442107260676675,0.9024998346667837,0.0,0.0,0.0,0,0,0,0,1,0.0375
45,0,0.0,0.16157612295543813,-0.010948217088288924,0.975487426238313,0.996511782717574,0.04169457979389912,0.051033719084744855,0.05119949645485795,0.039739457552909634,-0.03993094709131083,0.01381197656366706,1.3308090647348407,-0.022837114865388034,-0.636330275800954,-0.08728416194082143,2.070745758095746,0.7497573384080664,-0.5261231064796448,-0.05375881493091583,-0.63352370262146,0.02665814757347107,-0.10156171023845673,-0.004746531136333942,1.0014503002166748,-0.5261231064796448,-0.05375881493091583,-0.63352370262146,0.02665814757347107,-0.10156171023845673,-0.004746531136333942,-1.0,0.1373446163625903,-0.07046842645167642,0.898404150188853,0.06890651204820271,0.19442107260676675,0.9024998346667837,0.0,0.0,0.0,0,0,0,0,1,0.0377
46,0,0.0,0.16027764955863782,-0.01178510731872193,0.9725916126706828,0.9969412990782244,0.040806783812238734,0.04545740787773153,0.048749119542410825,0.039747023089045715,-0.039937522096234364,0.012063224878491955,1.3544550718349904,-0.023582330114446607,-0.5970134263925164,-0.08001185008515478,2.0439881958034096,0.7454114048917015,-0.5748050212860107,-0.08082336187362671,-0.6404160857200623,0.029287874698638916,-0.10651881992816925,-0.0024953484535217285,0.909777045249939,-0.5748050212860107,-0.08082336187362671,-0.6404160857200623,0.029287874698638916,-0.10651881992816925,-0.0024953484535217285,-1.0,0.1373446163625903,-0.07046842645167642,0.898404150188853,0.06890651204820271,0.19442107260676675,0.9024998346667837,0.0,0.0,0.0,0,0,0,0,1,0.0372
47,0,0.0,0.15843928309908067,-0.012439052529569564,0.9695546717017871,0.9973408639959482,0.03978637578947747,0.03939480624307544,0.046650772195356544,0.03975351121526077,-0.03994456757832242,0.01065962393037366,1.3768345965800168,-0.024433496182414173,-0.5602321209284421,-0.0737466480998415,2.0175031443180145,0.7423475746535425,-0.5342382192611694,-0.07444469630718231,-0.5712695121765137,0.03475562483072281,-0.10165341943502426,-0.00275551900267601,-0.023747781291604042,-0.5342382192611694,-0.07444469630718231,-0.5712695121765137,0.03475562483072281,-0.10165341943502426,-0.00275551900267601,1.0,0.1373446163625903,-0.07046842645167642,0.898404150188853,0.06890651204820271,0.19442107260676675,0.9024998346667837,0.0,0.0,0.0,0,0,0,0,1,0.0373
48,1,0.1076,0.15650073541423895,-0.012957691727704746,0.9667923999699553,0.9976838240207826,0.03876641435258149,0.03374501613502896,0.0445581226215563,0.03935380136889743,-0.03954601672720029,0.009361019865218555,1.398203844764009,-0.025330991979766435,-0.5249228141343653,-0.06764121554265394,1.9923481152398885,0.739728186713862,-0.6215653419494629,-0.14045147597789764,-0.5989080667495728,0.021682173013687134,-0.10811197757720947,-0.0025784019380807877,0.9608935713768005,-0.6215653419494629,-0.14045147597789764,-0.5989080667495728,0.021682173013687134,-0.10811197757720947,-0.0025784019380807877,-1.0,0.1373446163625903,-0.07046842645167642,0.898404150188853,0.06890651204820271,0.19442107260676675,0.9024998346667837,0.0,0.0,0.0,0,0,0,0,1,0.0372
49,0,0.0,0.15420507275378578,-0.01386683046145308,0.9641862810882381,0.9979821405444079,0.03769565174006889,0.027748308339841134,0.04290357069718585,0.038599885429911475,-0.038813972159381815,0.007937261042627014,1.4186982518413105,-0.02709219219185686,-0.4908166581884369,-0.06183167869185407,1.9667220377039285,0.7372926476223567,-0.5609054565429688,-0.08327616751194,-0.5646486282348633,0.01720798760652542,-0.09754288196563721,-0.0015555806457996368,0.9701012372970581,-0.5609054565429688,-0.08327616751194,-0.5646486282348633,0.01720798760652542,-0.09754288196563721,-0.0015555806457996368,-1.0,0.1373446163625903,-0.07046842645167642,0.898404150188853,0.06890651204820271,0.19442107260676675,0.9024998346667837,0.0,0.0,0.0,0,0,0,0,1,0.0364
50,0,0.0,0.15179251912664626,-0.014837052632216326,0.9616305443666875,0.9982163196114897,0.036789533194143964,0.022019080003783414,0.04154358704343783,0.038700833716434534,-0.03889398896384507,0.007047439073007045,1.4380471934890107,-0.030805861769123803,-0.45905190769694043,-0.05470680060697432,1.9429666882104124,0.7346798181300875,-0.43976229429244995,-0.04842950403690338,-0.4721946716308594,0.01174092199653387,-0.07660290598869324,-5.351752042770386e-05,0.03057262673974037,-0.43976229429244995,-0.04842950403690338,-0.4721946716308594,0.01174092199653387,-0.07660290598869324,-5.351752042770386e-05,1.0,0.1373446163625903,-0.07046842645167642,0.898404150188853,0.06890651204820271,0.19442107260676675,0.9024998346667837,0.0,0.0,0.0,0,0,0,0,1,0.0367
51,0,0.0,0.1496829157865045,-0.015499459647057914,0.9590814119164092,0.9983774789111061,0.03613870966149857,0.01753872436920873,0.04035834999854565,0.038546631725433524,-0.03873190350241803,0.0056034128050548955,1.4552619824870554,-0.031166071196871165,-0.43182838830234505,-0.051665317343881675,1.9241284449680283,0.733144178312093,-0.24837613105773926,-0.034767329692840576,-0.31442195177078247,0.005975361913442612,-0.04682882875204086,0.00016243569552898407,0.03570006042718887,-0.24837613105773926,-0.034767329692840576,-0.31442195177078247,0.005975361913442612,-0.04682882875204086,0.00016243569552898407,1.0,0.1373446163625903,-0.07046842645167642,0.898404150188853,0.06890651204820271,0.19442107260676675,0.9024998346667837,0.0,0.0,0.0,0,0,0,0,0,0.0361
52,1,0.1062,0.14819242330466106,-0.016032064967961394,0.9568482989453166,0.9984671954832167,0.035693252248283014,0.014978551627771251,0.039558744658473144,0.036777895235665437,-0.036959345598393825,0.003979014281151848,1.47280179081509,-0.02988212548019682,-0.404195949607041,-0.05117531589770668,1.909104996148496,0.7322046026137241,-0.6756921410560608,-0.04268145561218262,-0.7185209393501282,0.0021143523044884205,-0.12030590325593948,0.001448100432753563,0.9748543500900269,-0.6756921410560608,-0.04268145561218262,-0.7185209393501282,0.0021143523044884205,-0.12030590325593948,0.001448100432753563,-1.0,0.1373446163625903,-0.07046842645167642,0.898404150188853,0.06890651204820271,0.19442107260676675,0.9024998346667837,0.0,0.0,0.0,0,0,0,0,0,0.0377
53,0,0.0,0.14574635311971723,-0.016513411221525595,0.9535244136808663,0.9985669135826644,0.03514205312271246,0.010609958931745461,0.03894334309965247,0.035073884305768716,-0.035241208664097884,0.0024942215177352,1.4910665884071477,-0.028168123819725138,-0.3773548048319286,-0.051648806943383044,1.8914966211059416,0.7318841519657738,-0.6070101857185364,-0.04388047754764557,-0.6291216611862183,0.0010710791684687138,-0.1018771082162857,0.004384718835353851,0.990242600440979,-0.6070101857185364,-0.04388047754764557,-0.6291216611862183,0.0010710791684687138,-0.1018771082162857,0.004384718835353851,-1.0,0.1373446163625903,-0.07046842645167642,0.898404150188853,0.06890651204820271,0.19442107260676675,0.9024998346667837,0.0,0.0,0.0,0,0,0,0,0,0.0376
54,0,0.0,0.14271418942817765,-0.016925531623865647,0.9496951238595398,0.998646271245057,0.03457191897769302,0.0052856383427238775,0.03850284890566469,0.03541201308265475,-0.0355780211664894,0.0012285149396497233,1.510095777183472,-0.026433684484246222,-0.34995540700170047,-0.05258750919304659,1.8725194379319146,0.7318311809109311,-0.4209350347518921,-0.07862071692943573,-0.4434203505516052,-0.0002580271102488041,-0.08491694927215576,0.0006288699805736542,-0.031129140406847,-0.4209350347518921,-0.07862071692943573,-0.4434203505516052,-0.0002580271102488041,-0.08491694927215576,0.0006288699805736542,1.0,0.1373446163625903,-0.07046842645167642,0.898404150188853,0.06890651204820271,0.19442107260676675,0.9024998346667837,0.0,0.0,0.0,0,0,0,0,0,0.0372
55,0,0.0,0.14028388490766938,-0.01751068816642383,0.946606184643531,0.9986807448116231,0.03402637199447023,0.0018075881881092892,0.03841495250988891,0.036166416122204906,-0.036346576313321576,-7.739467985915416e-05,1.5296116055720603,-0.02505798262489854,-0.3207383427384487,-0.053825111472204236,1.8560705563205082,0.7317892480413009,-0.24718788266181946,-0.1043793112039566,-0.23260563611984253,0.00168263865634799,-0.07474879175424576,-0.004123520106077194,-0.0025226084981113672,-0.24718788266181946,-0.1043793112039566,-0.23260563611984253,0.00168263865634799,-0.07474879175424576,-0.004123520106077194,1.0,0.1373446163625903,-0.07046842645167642,0.898404150188853,0.06890651204820271,0.19442107260676675,0.9024998346667837,0.0,0.0,0.0,0,0,0,0,0,0.0374
56,1,0.108,0.1387397881631438,-0.018415918878776166,0.9447368245312844,0.9986991940959071,0.033344946423496,0.0008173488524439044,0.03856638693281962,0.035349920285576764,-0.035542351844007544,-0.0016561070289010907,1.5491853978601164,-0.024124104057566424,-0.28950108135447145,-0.05495886348866076,1.8426655361807185,0.7317288668105982,-0.34813159704208374,-0.18784914910793304,-0.47105127573013306,0.025818996131420135,-0.09416177123785019,0.000524638220667839,-0.006711674854159355,-0.34813159704208374,-0.18784914910793304,-0.47105127573013306,0.025818996131420135,-0.09416177123785019,0.000524638220667839,1.0,0.1373446163625903,-0.07046842645167642,0.898404150188853,0.06890651204820271,0.19442107260676675,0.9024998346667837,0.0,0.0,0.0,0,0,0,0,0,0.0389
57,0,0.0,0.1371741811084312,-0.019727123529552696,0.9423302032433518,0.9987348931643417,0.03259949996677408,0.0004954787389701374,0.0382836816247445,0.03279730239169746,-0.0329972536586072,-0.003954598798403931,1.5699957052066,-0.02329867799395997,-0.2580391392191349,-0.055005545527010986,1.831425960334833,0.7308451588995842,-0.2328583002090454,-0.17699958384037018,-0.2844274938106537,0.01688140258193016,-0.05770118162035942,-0.006192454136908054,-0.004089369438588619,-0.2328583002090454,-0.17699958384037018,-0.2844274938106537,0.01688140258193016,-0.05770118162035942,-0.006192454136908054,1.0,0.1373446163625903,-0.07046842645167642,0.898404150188853,0.06890651204820271,0.19442107260676675,0.9024998346667837,0.0,0.0,0.0,0,0,0,0,0,0.0372
58,0,0.0,0.13546043905922847,-0.02153891031293649,0.9394730130195873,0.99878482235218,0.03182227700169599,0.0005278921401607739,0.03762901347682524,0.029168285327749024,-0.02938236000488756,-0.007019182682129832,1.5917368408949957,-0.022582920125813415,-0.22605194118280408,-0.05424116605400407,1.8214163290225431,0.7291116026347976,-0.1983722448348999,-0.1780851036310196,-0.22451239824295044,0.0153504041954875,-0.03739440068602562,-0.010874809697270393,-0.0056348927319049835,-0.1983722448348999,-0.1780851036310196,-0.22451239824295044,0.0153504041954875,-0.03739440068602562,-0.010874809697270393,1.0,0.1373446163625903,-0.07046842645167642,0.898404150188853,0.06890651204820271,0.19442107260676675,0.9024998346667837,0.0,0.0,0.0,0,0,0,1,0,0.0377
59,0,0.0,0.1336922223068426,-0.023614919390719323,0.9370854193203362,0.9988389569892305,0.030917665892238988,0.0008916659239695916,0.03693292390700632,0.024940474413745698,-0.02515915319470597,-0.010409092314832707,1.6134588664214693,-0.022057751808871165,-0.19319098337511204,-0.05318104618001867,1.811140624789584,0.7272082955120334,-0.1756986677646637,-0.19298987090587616,-0.19426433742046356,0.018566709011793137,-0.016510985791683197,-0.014262354001402855,-0.010041630826890469,-0.1756986677646637,-0.19298987090587616,-0.19426433742046356,0.018566709011793137,-0.016510985791683197,-0.014262354001402855,1.0,0.1373446163625903,-0.07046842645167642,0.898404150188853,0.06890651204820271,0.19442107260676675,0.9024998346667837,0.0,0.0,0.0,0,0,0,1,0,0.0372
60,1,0.1064,0.13171098695512554,-0.02586326138900456,0.9348094757074153,0.998899812734922,0.029872320987151035,0.0012509411093015385,0.036128156655412205,0.020374635419129965,-0.020596236483120107,-0.014060751385149872,1.6352146302136212,-0.02164640250049952,-0.16012508348076188,-0.051788523261583515,1.8006678708591028,0.7252447634426,-0.03621716797351837,-0.071343332529068,0.04390452802181244,-0.009731277823448181,0.01940007507801056,-0.006400744430720806,-0.005049660336226225,-0.03621716797351837,-0.071343332529068,0.04390452802181244,-0.009731277823448181,0.01940007507801056,-0.006400744430720806,1.0,0.1373446163625903,-0.07046842645167642,0.898404150188853,0.06890651204820271,0.19442107260676675,0.9024998346667837,0.0,0.0,0.0,0,1,0,1,0,0.0382
61,0,0.0,0.12988610635637426,-0.02781833538767945,0.9334420748894485,0.9989365126913514,0.02918860567752629,0.002230669007914684,0.0356215247627,0.015630452683082392,-0.015829726207047187,-0.01714627949194691,1.6560454736028796,-0.021450377794541103,-0.1266865574039063,-0.05081943167171331,1.7902210949350872,0.7231385582481917,-0.010948121547698975,-0.07342325150966644,0.08157168328762054,-0.01709531992673874,0.020079851150512695,-0.005502656102180481,0.0035797390155494213,-0.010948121547698975,-0.07342325150966644,0.08157168328762054,-0.01709531992673874,0.020079851150512695,-0.005502656102180481,1.0,0.1373446163625903,-0.07046842645167642,0.898404150188853,0.06890651204820271,0.19442107260676675,0.9024998346667837,0.0,0.0,0.0,0,1,0,1,0,0.038
62,0,0.0,0.12830222098159644,-0.029316044304395245,0.933063494331458,0.9989299068589601,0.02889590067927955,0.0038618826011853537,0.03590479034133444,0.010772462947740879,-0.01096114923365813,-0.01929637801315488,1.6755501595846676,-0.021698853946672033,-0.09366099927598075,-0.05096687168038628,1.780142323989024,0.72148666282373,-0.04522882401943207,-0.09074907004833221,0.13283266127109528,-0.011253608390688896,0.014743993990123272,-0.0056024109944701195,-0.010224866680800915,-0.04522882401943207,-0.09074907004833221,0.13283266127109528,-0.011253608390688896,0.014743993990123272,-0.0056024109944701195,1.0,0.1373446163625903,-0.07046842645167642,0.898404150188853,0.06890651204820271,0.19442107260676675,0.9024998346667837,0.0,0.0,0.0,0,1,0,1,0,0.0431
63,0,0.0,0.12656336125242484,-0.030580993772148728,0.9327286643199795,0.9989120266915938,0.028626174259284376,0.00482193174256045,0.036497315688123144,0.00658573460934011,-0.006980201982193062,-0.020962731940359882,1.6923405469078787,-0.022169630797457925,-0.06553191485509287,-0.05154285204260484,1.7704273695805808,0.7203817694745341,-0.10261210799217224,-0.10433155298233032,0.16865168511867523,-0.007400389760732651,0.0045227231457829475,-0.007655906490981579,-0.010305200703442097,-0.10261210799217224,-0.10433155298233032,0.16865168511867523,-0.007400389760732651,0.0045227231457829475,-0.007655906490981579,1.0,0.13741727599613612,-0.07489662193522692,0.8987960172250052,0.06890651204820271,0.19442107260676675,0.9024998346667837,0.0,0.0,0.0,0,1,0,1,0,0.0512
64,1,0.1066,0.12489059901868876,-0.03187559873993907,0.9301384383934158,0.9989192335303525,0.028207751554608196,0.001105240592319411,0.03692514155149901,0.004306214978427806,-0.004844493937448165,-0.022266107375738527,1.6933574878359192,-0.022705480187443474,-0.06820730779892017,-0.0521778179236231,1.7668735816281222,0.7200768568968868,0.028121396899223328,-0.017016112804412842,0.22866518795490265,-0.04604388028383255,0.0024503497406840324,0.00031052716076374054,-0.025660958141088486,0.028121396899223328,-0.017016112804412842,0.22866518795490265,-0.04604388028383255,0.0024503497406840324,0.00031052716076374054,1.0,0.1360020909234594,-0.0764894500745905,0.8982373508625793,0.06890651204820271,0.19442107260676675,0.9024998346667837,7.563680890330415,0.0,0.0,10,1,0,2,0,0.0499
65,0,0.0,0.1249008654371873,-0.03284424769914027,0.9321164180015948,0.9988783534674585,0.028012108006273684,4.795583321356989e-05,0.03817531243383652,0.003923430437513545,-0.004472724970524035,-0.022744599423666603,1.689480546298931,-0.023709186101467515,-0.06952081027394011,-0.05387560374009621,1.762508247887828,0.7200938042157633,-0.012929409742355347,-0.011296406388282776,0.2632596492767334,-0.0461723692715168,-0.007908743806183338,0.0009176731109619141,-0.026795396581292152,-0.012929409742355347,-0.011296406388282776,0.2632596492767334,-0.0461723692715168,-0.007908743806183338,0.0009176731109619141,1.0,0.13354471433584983,-0.07748129815379098,0.8991942759776628,0.06890651204820271,0.19442107260676675,0.9024998346667837,1.5780004635156255,0.0,0.0,5,1,0,2,0,0.0435
66,0,0.0,0.12521847680710885,-0.03353397295548834,0.9353345436523656,0.9987872459371673,0.02814605183213731,-0.0005327067109185089,0.04039249117188132,0.003451564474079292,-0.003795562253323433,-0.022405474893558264,1.6846677282874734,-0.02525999208620744,-0.06973629468878108,-0.05684208642108969,1.7568875168777367,0.7204835637687653,-0.10644173622131348,-0.010215401649475098,0.3386607766151428,-0.04276883602142334,-0.008507947437465191,-0.0002599935978651047,-0.019527938216924667,-0.10644173622131348,-0.010215401649475098,0.3386607766151428,-0.04276883602142334,-0.008507947437465191,-0.0002599935978651047,1.0,0.13237687569735215,-0.07682448800064684,0.9000638714638568,0.06890651204820271,0.19442107260676675,0.9024998346667837,2.693848809728772,0.0,0.0,5,1,0,2,0,0.0441
67,0,0.0,0.12511393607730026,-0.033952933708889646,0.9394409823566592,0.9986829088885744,0.0281938370050534,-0.0025033811649196637,0.04279355245278735,0.002998773999572528,-0.0032251536293964418,-0.02157214633497542,1.6783365159079453,-0.026918029667887,-0.06973886247368909,-0.06011604510970656,1.7466224739925629,0.7213098498385973,-0.16174167394638062,0.11654318869113922,0.31085771322250366,-0.041601456701755524,-0.003147091716527939,-0.0026708822697401047,-0.02254827693104744,-0.16174167394638062,0.11654318869113922,0.31085771322250366,-0.041601456701755524,-0.003147091716527939,-0.0026708822697401047,1.0,0.1308991924304225,-0.07542258427434179,0.9017269224999775,0.06890651204820271,0.19442107260676675,0.9024998346667837,1.5670369579148995,0.0,0.0,4,1,0,2,0,0.0452
68,1,0.1081,0.12456956107464953,-0.033538489232131034,0.9442659255859092,0.99858263559507,0.028179725413300605,-0.005832676808291325,0.044772791345675404,0.002499218318631724,-0.0026572599812424336,-0.01978337335571901,1.6706768834210723,-0.02822807187496721,-0.06974327605913928,-0.06289902613478658,1.732254749576288,0.7227600179838002,-0.07008397579193115,0.0065667033195495605,0.5012277364730835,-0.041046034544706345,0.006616855971515179,0.00015795044600963593,-0.0017301449552178383,-0.07008397579193115,0.0065667033195495605,0.5012277364730835,-0.041046034544706345,0.006616855971515179,0.00015795044600963593,1.0,0.12685734695358902,-0.07387627936240579,0.9047009891379107,0.06890651204820271,0.19442107260676675,0.9024998346667837,1.5905522558342624,0.0,0.0,5,2,0,2,0,0.0451
69,0,0.0,0.12420660969560661,-0.032982783139950664,0.950190184625521,0.9984548859020717,0.02807467647475359,-0.008952885268196296,0.04711156126146279,0.0023745086048412405,-0.0025409162549349024,-0.01768454630310458,1.6614928685717827,-0.02976364183532589,-0.06973927112732516,-0.06622331705712078,1.716910006026018,0.7245980722802086,-0.006843358278274536,0.15011166036128998,0.6293326020240784,-0.04187493398785591,-0.00024901051074266434,0.006666569039225578,0.014760532416403294,-0.006843358278274536,0.15011166036128998,0.6293326020240784,-0.04187493398785591,-0.00024901051074266434,0.006666569039225578,1.0,0.12592756984592385,-0.07389724870611607,0.9111541668714258,0.06890651204820271,0.19442107260676675,0.9024998346667837,4.245917566467434,0.0,0.0,12,2,0,2,0,0.0397
70,0,0.0,0.12439314606452107,-0.03200209200916346,0.957723182364222,0.9983195555940862,0.028299493332424652,-0.011018874608633333,0.049353702980748426,0.002363491380559745,-0.002528733807175244,-0.015031740871795188,1.6502822352317241,-0.031110146079123557,-0.06974334269082758,-0.06931916137829405,1.7016325929459102,0.7260155779907675,-0.009479179978370667,0.3305171728134155,0.5902540683746338,-0.049812182784080505,0.010130477137863636,0.006485011428594589,0.012238305062055588,-0.009479179978370667,0.3305171728134155,0.5902540683746338,-0.049812182784080505,0.010130477137863636,0.006485011428594589,1.0,0.12604490191861625,-0.07310008693016033,0.9188666885274714,0.06890651204820271,0.19442107260676675,0.9024998346667837,4.588312740820385,0.0,0.0,12,2,0,2,0,0.0394
71,0,0.0,0.12470313272082297,-0.029468285057547422,0.9659157962481453,0.9981885106610977,0.028979358425909152,-0.012775221542948714,0.05115356961082695,0.002360380751711771,-0.0025211033505157248,-0.010596752943045856,1.6382448275719514,-0.03200623973980559,-0.06977810924252778,-0.07193633613742927,1.6859061644248219,0.7280529307601684,-0.01289212703704834,0.537709653377533,0.6542668342590332,-0.058692123740911484,-0.010746464133262634,0.007429441437125206,0.0019243378192186356,-0.01289212703704834,0.537709653377533,0.6542668342590332,-0.058692123740911484,-0.010746464133262634,0.007429441437125206,1.0,0.12629598348524027,-0.07071255118975746,0.9272054774309858,0.06890651204820271,0.19442107260676675,0.9024998346667837,4.768419146359103,0.0,0.0,12,2,0,2,1,0.0392
72,1,0.107,0.1250746511030412,-0.024832963726145078,0.974524739275394,0.9980533811501708,0.029908057841880165,-0.014217462682151731,0.052847139995636026,0.0023614937568119995,-0.002515234450465757,-0.0035339697814486225,1.6256532648465025,-0.03260860239051779,-0.06977448780690043,-0.07456207887443299,1.6699962415392673,0.7320818386437641,-0.19774562120437622,0.43812525272369385,0.8840656876564026,-0.05537477880716324,-0.02564646117389202,-0.030875176191329956,-0.009914162568747997,-0.19774562120437622,0.43812525272369385,0.8840656876564026,-0.05537477880716324,-0.02564646117389202,-0.030875176191329956,1.0,0.12663891231566385,-0.06621151884912184,0.9359511946821999,0.06890651204820271,0.19442107260676675,0.9024998346667837,4.848672094354929,0.0,0.0,12,2,1,2,1,0.0393
73,0,0.0,0.12474997445542613,-0.01934400449527708,0.9848912906996059,0.9978868540175313,0.02935823555178496,-0.017303364523968197,0.05532191392595024,0.0023597311245787795,-0.0025147986391055705,0.004999962848504156,1.6101175917130781,-0.033640663308067545,-0.06970243051800122,-0.0783269889597953,1.6472091587614979,0.7402350518822635,-0.21274590492248535,0.5281074047088623,0.8451955914497375,-0.04471151903271675,-0.05423691123723984,-0.04391968622803688,-0.018861092627048492,-0.21274590492248535,0.5281074047088623,0.8451955914497375,-0.04471151903271675,-0.05423691123723984,-0.04391968622803688,1.0,0.1260425498089094,-0.06091874357805849,0.9465185402981058,0.06890651204820271,0.19442107260676675,0.9024998346667837,4.884115194629583,0.0,0.0,12,2,1,2,1,0.0394
74,0,0.0,0.12414553450500579,-0.013230827856024573,0.9971958038014417,0.9977479049367303,0.02705862020149774,-0.020707982799796937,0.05777654122149266,0.002360378848929463,-0.0025132596410832727,0.014374225794543756,1.591841438466559,-0.03452330844200032,-0.06970966325268614,-0.081884090151886,1.6210680192978528,0.7520648140228913,-0.30765992403030396,0.5926315784454346,0.7726101875305176,-0.042433567345142365,-0.09259328246116638,-0.044265128672122955,-0.01121890265494585,-0.30765992403030396,0.5926315784454346,0.7726101875305176,-0.042433567345142365,-0.09259328246116638,-0.044265128672122955,1.0,0.12499324596414792,-0.05501350132156841,0.9590335927304415,0.06890651204820271,0.19442107260676675,0.9024998346667837,4.89867109585263,0.0,0.0,12,2,1,2,1,0.0391
75,0,0.0,0.12340610271859552,-0.006083905741309736,1.0099242700977142,0.9976380715948112,0.024023438405552655,-0.023628730081159045,0.059856792651389844,0.0023617835284450934,-0.00251139535505871,0.024838325140280792,1.5730959631002224,-0.0350518259103975,-0.06971695540478855,-0.0848924080472491,1.5950504455401329,0.7661677719674251,-0.3538457751274109,0.5998595952987671,0.7177669405937195,-0.037873946130275726,-0.10568761080503464,-0.04465637356042862,-0.01021394319832325,-0.3538457751274109,0.5998595952987671,0.7177669405937195,-0.037873946130275726,-0.10568761080503464,-0.04465637356042862,1.0,0.12379035085748481,-0.0480423147692967,0.9719447534415485,0.06890651204820271,0.19442107260676675,0.9024998346667837,4.905251725025506,0.0,0.0,12,2,1,2,1,0.0393
76,1,0.1077,0.12234109651445273,0.00171081456363531,1.0224696892719054,0.9975157102967125,0.02063684590558329,-0.026432395963351257,0.06195043781887135,0.0023627643501244284,-0.0025102009112502187,0.03609958940521997,1.5546639815743744,-0.03550347539761213,-0.06972032795740085,-0.0878595148198941,1.5693444141374082,0.7816401779837835,-0.5021311044692993,0.6654743552207947,0.1940261870622635,0.002963913604617119,-0.19739796221256256,-0.004050172865390778,-0.011441066861152649,-0.5021311044692993,0.6654743552207947,0.1940261870622635,0.002963913604617119,-0.19739796221256256,-0.004050172865390778,1.0,0.12224214736631991,-0.040419835483832586,0.9846776668876777,0.06890651204820271,0.19442107260676675,0.9024998346667837,4.909324347338105,0.0,0.0,12,2,1,2,1,0.0404
77,0,0.0,0.1212167828128679,0.010553656798625945,1.032811832061421,0.9974457809706727,0.018123580097590908,-0.028490171206017822,0.06294251355722792,0.002366893639897749,-0.0025061405359115474,0.04804628829614158,1.5396325305423446,-0.03518887703220177,-0.0697456358388173,-0.0891616308931924,1.5485980352130664,0.7963135995994958,-0.4276333451271057,0.6831961274147034,0.16013894975185394,0.001146603375673294,-0.2224181592464447,-0.010067785158753395,-0.0014972628559917212,-0.4276333451271057,0.6831961274147034,0.16013894975185394,0.001146603375673294,-0.2224181592464447,-0.010067785158753395,1.0,0.12075518724952812,-0.03166732758644849,0.9951175913371743,0.06890651204820271,0.19442107260676675,0.9024998346667837,4.910881433764962,0.0,0.0,12,2,1,2,1,0.0395
78,0,0.0,0.12055052689598811,0.020020928001134794,1.0405803833943126,0.9974512175869754,0.01626152718464935,-0.028799007971358963,0.0632237962142995,0.0023695997064973914,-0.002503454964171236,0.060283144605729595,1.5284906157091755,-0.03457502802843256,-0.06972254639222894,-0.08952172534776164,1.5352965644635819,0.8108139192872293,-0.42748117446899414,0.6492437124252319,0.10566990077495575,0.0028727026656270027,-0.2333926409482956,-0.018111571669578552,-0.01367977075278759,-0.42748117446899414,0.6492437124252319,0.10566990077495575,0.0028727026656270027,-0.2333926409482956,-0.018111571669578552,1.0,0.11991640901097704,-0.022223891657606906,1.0029127656336596,0.06890651204820271,0.19442107260676675,0.9024998346667837,4.908857614143987,0.0,0.0,12,2,1,2,1,0.0391
79,0,0.0,0.12016041741828436,0.029414168526842144,1.0470517333804379,0.997479240913356,0.013988283441256577,-0.0279778419635916,0.06369248175680552,0.00237124121468318,-0.0025017348210687714,0.07246238512425016,1.51938783652573,-0.03421383211604059,-0.06970488924542462,-0.09007592745333208,1.526082403415026,0.8264812751950229,-0.42287516593933105,0.6119928359985352,0.04694698750972748,0.00411386601626873,-0.23545131087303162,-0.021902764216065407,-0.013493573293089867,-0.42287516593933105,0.6119928359985352,0.04694698750972748,0.00411386601626873,-0.23545131087303162,-0.021902764216065407,1.0,0.1194158052433587,-0.012867434512155988,1.0094259081938086,0.06890651204820271,0.19442107260676675,0.9024998346667837,4.90908747305068,0.0,0.0,12,2,1,2,1,0.0399
80,1,0.1097,0.1197750195188607,0.03851620376490803,1.0525509932751287,0.9975020198350497,0.011251125353709424,-0.026789856091320858,0.064385062039856,0.0023723109171969615,-0.0025006135789319016,0.08437620173337572,1.5117319552249366,-0.03409715041423557,-0.06969789478096507,-0.09088428052032896,1.5189554884569882,0.8429852206303414,-0.4684959053993225,0.6381805539131165,-0.09753531217575073,0.03156203776597977,-0.23852109909057617,-0.042049504816532135,-0.011525582522153854,-0.4684959053993225,0.6381805539131165,-0.09753531217575073,0.03156203776597977,-0.23852109909057617,-0.042049504816532135,1.0,0.11891194603801335,-0.00381839292252283,1.0149862768373417,0.06890651204820271,0.19442107260676675,0.9024998346667837,4.910152075572386,0.0,0.0,12,2,1,2,1,0.0391
81,0,0.0,0.11915689369887872,0.04775868408538376,1.0567817368941097,0.9975608551926487,0.007811421552062381,-0.025851558296431563,0.06436628631739619,0.0023749594235820733,-0.002497994737881461,0.09607326938825995,1.5057863437229027,-0.033432901537953336,-0.06969914628986727,-0.09065432799167016,1.5130049547186124,0.8609850375166425,-0.4385032653808594,0.6342419981956482,-0.09811069816350937,0.04492037370800972,-0.24214795231819153,-0.057186465710401535,-0.010686483234167099,-0.4385032653808594,0.6342419981956482,-0.09811069816350937,0.04492037370800972,-0.24214795231819153,-0.057186465710401535,1.0,0.11809824034612973,0.00542212855936068,1.0192204256947788,0.06890651204820271,0.19442107260676675,0.9024998346667837,4.909324838286578,0.0,0.0,12,2,1,2,1,0.0387
82,0,0.0,0.11851730479248497,0.05719941310610458,1.0600824767021413,0.9976778361409836,0.0033696042591807585,-0.024696732493363422,0.0633849544003247,0.0023772388250100367,-0.0024957232782848154,0.10745833822850195,1.5011043652432554,-0.032123303324859485,-0.06968865366833227,-0.0892099935438592,1.5089298827035083,0.8809843920866127,-0.4293615221977234,0.6230670213699341,-0.12469977885484695,0.04951537773013115,-0.24502457678318024,-0.058877043426036835,0.0008445599232800305,-0.4293615221977234,0.6230670213699341,-0.12469977885484695,0.04951537773013115,-0.24502457678318024,-0.058877043426036835,1.0,0.11719647331630637,0.014937982558636124,1.0224418636715875,0.06890651204820271,0.19442107260676675,0.9024998346667837,4.908497532586605,0.0,0.0,12,2,1,2,1,0.0394
83,0,0.0,0.11798082092845068,0.06657969878244027,1.0629364725525787,0.9978109951657632,-0.0016345123133086337,-0.023097752488394498,0.06194384655307103,0.002379143730395207,-0.0024937731016018063,0.1185050971011542,1.4971296520995057,-0.03054378672762745,-0.06968519535871175,-0.0872832059617237,1.5065662756813625,0.9019273013208619,-0.4099797010421753,0.6181156635284424,-0.12775132060050964,0.06448163092136383,-0.2499399036169052,-0.06483517587184906,0.0012287975987419486,-0.4099797010421753,0.6181156635284424,-0.12775132060050964,0.06448163092136383,-0.2499399036169052,-0.06483517587184906,1.0,0.11638958096091462,0.02443089539403631,1.0251777248237832,0.06890651204820271,0.19442107260676675,0.9024998346667837,4.908883058909052,0.0,0.0,12,2,1,2,1,0.0384
84,1,0.1082,0.11756267392748493,0.07594090565093699,1.0655066090826433,0.9979531083227036,-0.0069084065324497845,-0.021055708863890583,0.059987704010694164,0.00238132955498273,-0.0024915781735846123,0.12924194475332604,1.4936386922353206,-0.028669137624909153,-0.06968167576302327,-0.08478616327922132,1.5058112171508835,0.9232961504660775,-0.3806270956993103,0.5646003484725952,-0.07734192162752151,0.030490249395370483,-0.26356256008148193,-0.10323251038789749,0.009258183650672436,-0.3806270956993103,0.5646003484725952,-0.07734192162752151,0.030490249395370483,-0.26356256008148193,-0.10323251038789749,1.0,0.11571600996286728,0.033946339375600536,1.0275847980823027,0.06890651204820271,0.19442107260676675,0.9024998346667837,4.9089234223563025,0.0,0.0,12,2,1,2,1,0.04
85,0,0.0,0.1173711092660576,0.08463437789007167,1.0682434482767929,0.9980184116458268,-0.013445226801934773,-0.01828946764384969,0.05868535818659569,0.0023809604407447798,-0.002491809834302463,0.13950116448290942,1.490083496721588,-0.027387655425873472,-0.06967406614197123,-0.08345945242279598,1.506260971758742,0.9468133809188477,-0.38140493631362915,0.5698921084403992,-0.08036781847476959,0.041242558509111404,-0.25569406151771545,-0.11346543580293655,0.008326733484864235,-0.38140493631362915,0.5698921084403992,-0.08036781847476959,0.041242558509111404,-0.25569406151771545,-0.11346543580293655,1.0,0.11523081695177598,0.04275410251546878,1.030211723464597,0.06890651204820271,0.19442107260676675,0.9024998346667837,4.9087155407883145,0.0,0.0,12,2,1,2,1,0.0394
86,0,0.0,0.11717380831235188,0.0930438889024653,1.071124723967596,0.997985849507707,-0.021164490489913312,-0.015273379794627125,0.05781896223844125,0.0023821553433100414,-0.0024905604697191734,0.149692102941691,1.486406255886842,-0.026420932191578442,-0.06967849408382898,-0.08272666424365445,1.5068524671371115,0.9724878275585527,-0.37851959466934204,0.5750309824943542,-0.10466744750738144,0.04707642272114754,-0.24654927849769592,-0.11907690018415451,-0.009957728907465935,-0.37851959466934204,0.5750309824943542,-0.10466744750738144,0.04707642272114754,-0.24654927849769592,-0.11907690018415451,1.0,0.11466882671413746,0.05124793448013177,1.033020687407271,0.06890651204820271,0.19442107260676675,0.9024998346667837,4.910082179711688,0.0,0.0,12,2,1,2,1,0.0394
87,0,0.0,0.11681937691015909,0.10159863300029935,1.0738118946005848,0.997884721792518,-0.029358526386923323,-0.012409151383306826,0.05665837893377612,0.002383775616686098,-0.002488938419937014,0.1599400638142311,1.4829844577071363,-0.02529608767487119,-0.0696866012389656,-0.0816798728254591,1.5074928238049219,0.9991939233699587,-0.36287516355514526,0.5582928657531738,-0.11837373673915863,0.05042548477649689,-0.23013807833194733,-0.1250290870666504,-0.0033000456169247627,-0.36287516355514526,0.5582928657531738,-0.11837373673915863,0.05042548477649689,-0.23013807833194733,-0.1250290870666504,1.0,0.11390118171899848,0.05991785211229731,1.0356089522208576,0.06890651204820271,0.19442107260676675,0.9024998346667837,4.910567705979644,0.0,0.0,12,2,1,2,1,0.0389
88,1,0.1063,0.11632297871609883,0.11012350851869242,1.0761397514311735,0.9977017186179546,-0.0378673957021915,-0.009742984172219997,0.055339093495750745,0.002385060182754128,-0.002487665684133786,0.1700866202512288,1.4800426905283688,-0.024111423779094643,-0.06969529674440046,-0.08048753282915445,1.5083188041414666,1.0264811357102241,-0.2503208518028259,0.6162407994270325,-0.10535459220409393,0.059658024460077286,-0.2832050621509552,-0.10513962060213089,-0.018023960292339325,-0.2503208518028259,0.6162407994270325,-0.10535459220409393,0.059658024460077286,-0.2832050621509552,-0.10513962060213089,1.0,0.11295330687975169,0.06857973672906038,1.0378231093226384,0.06890651204820271,0.19442107260676675,0.9024998346667837,4.910906922014762,0.0,0.0,12,2,1,2,1,0.0403
89,0,0.0,0.11665867857478135,0.11896686214737191,1.0785580135927382,0.9975053701054255,-0.045943827220253364,-0.004898917287403624,0.05336854842136937,0.002388079339596301,-0.0024847806635555475,0.18035645696351152,1.4775055471839715,-0.02287158378867074,-0.06969330409689341,-0.07921889057559522,1.5144644822483184,1.0532356787023895,-0.30912846326828003,0.6469695568084717,-0.08195135742425919,0.05116620659828186,-0.24668388068675995,-0.10639417171478271,-0.024123650044202805,-0.30912846326828003,0.6469695568084717,-0.08195135742425919,0.05116620659828186,-0.24668388068675995,-0.10639417171478271,1.0,0.11304732624995625,0.07760440341781664,1.0400630011574354,0.06890651204820271,0.19442107260676675,0.9024998346667837,4.909435486347659,0.0,0.0,12,2,1,2,1,0.0388
90,0,0.0,0.11692135414090642,0.1281477172766682,1.0808300511061113,0.9972468164350639,-0.05353483883698745,7.365641604626522e-05,0.05131084403475325,0.002390762194993461,-0.0024819822124165494,0.19108796204569767,1.4752241018511363,-0.02169021011147202,-0.06969815489458067,-0.07814756920098195,1.5208229462222236,1.0795378959479347,-0.29701027274131775,0.6423550248146057,-0.11056940257549286,0.04832402616739273,-0.2236136496067047,-0.10678506642580032,5.350078936317004e-05,-0.29701027274131775,0.6423550248146057,-0.11056940257549286,0.04832402616739273,-0.2236136496067047,-0.10678506642580032,1.0,0.11313185501276535,0.08697346167802388,1.042147391321862,0.06890651204820271,0.19442107260676675,0.9024998346667837,4.909711091016738,0.0,0.0,12,2,1,2,1,0.0388
91,0,0.0,0.11667603602676203,0.1374399609063687,1.0828235350060158,0.9968948168461769,-0.06100365558741694,0.004159262017152998,0.04961833017817341,0.00239342930561861,-0.0024793011344924148,0.20220655432732593,1.473177110630307,-0.020697233131611325,-0.06970919885650911,-0.07750807735859244,1.5256646204416668,1.1058922967245395,-0.3064955174922943,0.6391010284423828,-0.10997256636619568,0.04479483887553215,-0.19238078594207764,-0.10712406039237976,-0.005205412860959768,-0.3064955174922943,0.6391010284423828,-0.10997256636619568,0.04479483887553215,-0.19238078594207764,-0.10712406039237976,1.0,0.11264281668264921,0.09643204343384748,1.0439860197985948,0.06890651204820271,0.19442107260676675,0.9024998346667837,4.912064784620285,0.0,0.0,12,2,1,2,1,0.0388
92,1,0.1069,0.1160118219130463,0.1467185734167557,1.0843999920602803,0.9964634753219175,-0.06839877573062358,0.007493561216527365,0.04822858455533364,0.002395964544338639,-0.0024768137395962267,0.21351398344549152,1.4715532722342102,-0.019865847116672556,-0.06971767423740749,-0.07715867353263234,1.5293133448198961,1.1322265566282526,-0.3246590495109558,0.6334343552589417,-0.25100988149642944,0.025140374898910522,-0.15168677270412445,-0.09311024844646454,-0.0010329197393730283,-0.3246590495109558,0.6334343552589417,-0.25100988149642944,0.025140374898910522,-0.15168677270412445,-0.09311024844646454,1.0,0.11168228260673188,0.10586121138637349,1.045433167295621,0.06890651204820271,0.19442107260676675,0.9024998346667837,4.9125483896386095,0.0,0.0,12,2,1,2,1,0.0403
93,0,0.0,0.11475348998892791,0.15584780993168623,1.0848848858057145,0.995981736015593,-0.07528476568711423,0.00957443736675427,0.04754908756128516,0.002398176647210321,-0.0024746514331246416,0.22502784251303865,1.4712310311938717,-0.019380488525684306,-0.069748476103701,-0.07736610265099884,1.5314914072606607,1.157632086017101,-0.3248201310634613,0.6126775145530701,-0.2783614993095398,0.026596013456583023,-0.11902787536382675,-0.10211099684238434,-0.010130234062671661,-0.3248201310634613,0.6126775145530701,-0.2783614993095398,0.026596013456583023,-0.11902787536382675,-0.10211099684238434,1.0,0.11006245758595821,0.1150927152733568,1.0458511144257576,0.06890651204820271,0.19442107260676675,0.9024998346667837,4.913664233078244,0.0,0.0,12,2,1,2,1,0.0398
94,0,0.0,0.11298233700012143,0.16479793315624972,1.0840968637968127,0.9954524177865297,-0.08194820964854549,0.010537090175676493,0.04741249401770145,0.0024001770888809793,-0.0024727899569245344,0.23657781643315604,1.4724117632152234,-0.019134163693401242,-0.06975554427413867,-0.07774574390957305,1.5327509711485734,1.1827163451895315,-0.32045766711235046,0.6020769476890564,-0.3170357942581177,0.03202082961797714,-0.09177651256322861,-0.11208540946245193,-0.004463957156985998,-0.32045766711235046,0.6020769476890564,-0.3170357942581177,0.03202082961797714,-0.09177651256322861,-0.11208540946245193,1.0,0.10785342777853213,0.12411424472680178,1.0450418024577748,0.06890651204820271,0.19442107260676675,0.9024998346667837,4.912856605677922,0.0,0.0,12,2,1,2,1,0.0397
95,0,0.0,0.11084219488527909,0.17359852669516818,1.0824167416900483,0.9948553501104653,-0.08898000286136165,0.010652172674175817,0.04724322877084422,0.0024019979856789325,-0.0024711073383521577,0.24789132352417567,1.4746432400079983,-0.01871464407727362,-0.06976146711327683,-0.07768513279492403,1.5334765908453853,1.2083843031404222,-0.34352922439575195,0.5338233709335327,-0.5616442561149597,0.036794938147068024,-0.055444709956645966,-0.12389625608921051,-0.0015964360209181905,-0.34352922439575195,0.5338233709335327,-0.5616442561149597,0.036794938147068024,-0.055444709956645966,-0.12389625608921051,1.0,0.10517883562686679,0.1330048176287762,1.043339787978509,0.06890651204820271,0.19442107260676675,0.9024998346667837,4.911176579396176,0.0,0.0,12,2,1,2,1,0.0393
96,1,0.1087,0.10822855388348517,0.18195879856343472,1.0787904111264008,0.9941652291360363,-0.09658240762004394,0.009257687145696079,0.04713418020841021,0.002402708070751695,-0.002470467181015275,0.258541425956428,1.4790261919399126,-0.017979247949958404,-0.07037631215071,-0.07697552087599772,1.5340157374977403,1.2347183231704395,-0.34316185116767883,0.5630149245262146,-0.7516829967498779,0.027970347553491592,-0.029108241200447083,-0.08898677676916122,0.009444404393434525,-0.34316185116767883,0.5630149245262146,-0.7516829967498779,0.027970347553491592,-0.029108241200447083,-0.08898677676916122,1.0,0.10186533047008593,0.141477324624697,1.0397037317471973,0.06890651204820271,0.19442107260676675,0.9024998346667837,4.911019516772121,0.0,0.0,12,2,1,2,1,0.0387
97,0,0.0,0.10527472064953348,0.19008046951538488,1.072467191452007,0.9935014402141573,-0.103419441472967,0.006655105252202406,0.047063967022504136,0.0024043715828320914,-0.002468952379386571,0.2687992994334836,1.4865987562837002,-0.016892589948468806,-0.07168129966891852,-0.07571666158208316,1.536377548853848,1.2592354965920727,-0.3557136654853821,0.5326719880104065,-0.7928326725959778,0.030750371515750885,-0.01454086322337389,-0.0891055315732956,0.018602093681693077,-0.3557136654853821,0.5326719880104065,-0.7928326725959778,0.030750371515750885,-0.01454086322337389,-0.0891055315732956,1.0,0.09817171113538778,0.14971863177193515,1.0333823383691452,0.06890651204820271,0.19442107260676675,0.9024998346667837,4.911614398098028,0.0,0.0,12,2,1,2,1,0.038
98,0,0.0,0.10206535742463105,0.19803173616332873,1.0643243628714154,0.9928826034613247,-0.1093490791547228,0.0034363021621983715,0.047064917500454086,0.002405207381214007,-0.0024683207049203196,0.2787884757042479,1.4965483394275014,-0.01557603852423701,-0.07297258332238259,-0.07418824300391672,1.540101611668532,1.2819526048883993,-0.34082719683647156,0.4467123746871948,-0.8354185819625854,0.03095318004488945,-0.001511877402663231,-0.0973256304860115,-0.010607773438096046,-0.34082719683647156,0.4467123746871948,-0.8354185819625854,0.03095318004488945,-0.001511877402663231,-0.0973256304860115,1.0,0.09424483731800269,0.1577880891126995,1.0252535136517635,0.06890651204820271,0.19442107260676675,0.9024998346667837,4.908819639278312,0.0,0.0,12,2,1,2,1,0.0378
99,0,0.0,0.09871126285496103,0.20529530102034566,1.0552482016933529,0.9921930798048454,-0.11542437031809427,-9.990482080791258e-05,0.04722390436074678,0.0024042880928855427,-0.002469383032538873,0.287938186161154,1.508121273572485,-0.014193268609621777,-0.07358638038810386,-0.07259634738296965,1.544220180703,1.304223743986065,-0.28575488924980164,0.21344956755638123,-0.8528457880020142,0.05562731623649597,0.0047608232125639915,-0.1006522923707962,0.009514120407402515,-0.28575488924980164,0.21344956755638123,-0.8528457880020142,0.05562731623649597,0.0047608232125639915,-0.1006522923707962,1.0,0.09013542316282096,0.16517257284651793,1.0162118986070767,0.06890651204820271,0.19442107260676675,0.9024998346667837,4.906322786258997,0.0,0.0,12,2,1,2,1,0.0379
100,1,0.107,0.0955918665034213,0.2109787034970627,1.0455928867762765,0.9913893021061555,-0.12203197917178432,-0.003679445008374794,0.04734880582777477,0.0024003678303565505,-0.0024734180896922343,0.29495290637374383,1.520961379999563,-0.012780458031953811,-0.07339881427165106,-0.07074913120648951,1.5490035197813554,1.3254683679897281,-0.5640698671340942,0.2438141405582428,-0.8649284839630127,0.08704867959022522,-0.06615854054689407,-0.08939678221940994,0.030614031478762627,-0.5640698671340942,0.2438141405582428,-0.8649284839630127,0.08704867959022522,-0.06615854054689407,-0.08939678221940994,1.0,0.0862173051732098,0.17100190654767397,1.006593191464503,0.06890651204820271,0.19442107260676675,0.9024998346667837,4.904570377630013,0.0,0.0,12,2,1,2,1,0.0401
101,0,0.0,0.09206667813511393,0.21587785595380185,1.0365513604517926,0.9905855640605896,-0.12846942685306545,-0.008357848389403065,0.04654023000702843,0.002398207731252897,-0.0024755078918868106,0.3005569295663029,1.5344646911731128,-0.010473885468400761,-0.06992927694856492,-0.06697417951046046,1.550092316944618,1.3446466536242352,-0.4847368597984314,0.12507684528827667,-0.8469178676605225,0.10526695847511292,-0.06708836555480957,-0.08949984610080719,0.012611045502126217,-0.4847368597984314,0.12507684528827667,-0.8469178676605225,0.10526695847511292,-0.06708836555480957,-0.08949984610080719,1.0,0.0818338668791589,0.1761357654080363,0.9975272866092133,0.06890651204820271,0.19442107260676675,0.9024998346667837,4.901768942748569,0.0,0.0,12,2,1,2,1,0.0398
102,0,0.0,0.08851121171668679,0.22024284402780006,1.0275919706753327,0.9897580894601088,-0.13468106269449154,-0.013913442185174117,0.04523662041219094,0.0023952448061134515,-0.0024784050938372864,0.3050274498416238,1.5463312698301124,-0.007661977520863986,-0.06927307092890497,-0.06203952618091982,1.5514962590408727,1.3622576942962716,-0.4110262989997864,0.038069963455200195,-0.8919805884361267,0.12536025047302246,-0.035802021622657776,-0.10089269280433655,-0.023203318938612938,-0.4110262989997864,0.038069963455200195,-0.8919805884361267,0.12536025047302246,-0.035802021622657776,-0.10089269280433655,1.0,0.0773663258717906,0.18079175354718233,0.9885230348034145,0.06890651204820271,0.19442107260676675,0.9024998346667837,4.903292241045672,0.0,0.0,12,2,1,2,1,0.0395
103,0,0.0,0.0855267263446941,0.22358431366756096,1.0186887015515085,0.9888671281450119,-0.14119222052924507,-0.019373872892335865,0.04279267209942056,0.0023917240529552457,-0.0024818593538542305,0.30745880635651557,1.557706937004955,-0.004265326252958451,-0.06965210163454817,-0.05556650414900959,1.5549189771657068,1.3784454384385199,-0.3386148512363434,-0.018474817276000977,-0.8435582518577576,0.1143987700343132,-0.04567248374223709,-0.1222435012459755,-0.009244310669600964,-0.3386148512363434,-0.018474817276000977,-0.8435582518577576,0.1143987700343132,-0.04567248374223709,-0.1222435012459755,1.0,0.07347296066688598,0.1845295097559197,0.9794917825906662,0.06890651204820271,0.19442107260676675,0.9024998346667837,4.901099786587544,0.0,0.0,12,2,1,2,1,0.0397
104,1,0.1061,0.08318686573829656,0.22566824290048026,1.0097253163022712,0.9878304354591674,-0.14845857781537858,-0.024329067951800135,0.039486426860151844,0.002387816552402808,-0.0024856072805578377,0.30780750604885,1.569550470480422,-0.0006536575788615368,-0.06971633457661867,-0.04829199352796888,1.5604670490166737,1.394021785869721,-0.3124953806400299,0.04441014677286148,-0.7629606127738953,0.12285247445106506,-0.09134113043546677,-0.12336412817239761,0.013198970817029476,-0.3124953806400299,0.04441014677286148,-0.7629606127738953,0.12285247445106506,-0.09134113043546677,-0.12336412817239761,1.0,0.07021983498560407,0.18710432079483227,0.9703354031779342,0.06890651204820271,0.19442107260676675,0.9024998346667837,4.899966412752489,0.0,0.0,12,2,1,2,1,0.0399
105,0,0.0,0.08167751745616066,0.2273860783137511,1.001409423406203,0.986727307372046,-0.1560756737445061,-0.027832454202042195,0.03514198976438153,0.002386660331597857,-0.002486612773249847,0.30728211011137996,1.580896131037502,0.0031187301747290556,-0.06971098129125564,-0.040552193942003815,1.5692510351461728,1.4092083329449894,-0.1554480493068695,0.038237541913986206,-0.6656857132911682,0.12669815123081207,-0.10677603632211685,-0.11577937752008438,-0.05305482819676399,-0.1554480493068695,0.038237541913986206,-0.6656857132911682,0.12669815123081207,-0.10677603632211685,-0.11577937752008438,1.0,0.06790424308637165,0.18939626876121848,0.9617342600435344,0.06890651204820271,0.19442107260676675,0.9024998346667837,4.899176422625122,0.0,0.0,12,2,1,2,1,0.0389
106,0,0.0,0.08129945699459104,0.22912375959292366,0.9940452224589134,0.985672638140263,-0.16350166030691432,-0.028992391631691084,0.029598964947620956,0.002385955892027308,-0.002487252362972244,0.3063348999060162,1.5914954638171785,0.006856430176208396,-0.06972000359562644,-0.032848848847893075,1.5828152634217973,1.423372187550926,-0.14250165224075317,-0.03597790002822876,-0.7194067239761353,0.1367240697145462,-0.11644002050161362,-0.11636105179786682,-0.008751463145017624,-0.14250165224075317,-0.03597790002822876,-0.7194067239761353,0.1367240697145462,-0.11644002050161362,-0.11636105179786682,1.0,0.066941939518228,0.1917817626284871,0.9539619732683566,0.06890651204820271,0.19442107260676675,0.9024998346667837,4.900432715749811,0.0,0.0,12,2,1,2,1,0.0397
107,0,0.0,0.08160407873079485,0.2303413848153562,0.9868337923590902,0.9846046336032541,-0.1707669158464698,-0.02897269485768013,0.023515077970706594,0.002384365343347073,-0.0024887480225731316,0.3045626140317275,1.6022514348742511,0.010479600625307419,-0.06974004899610342,-0.025251887172074675,1.5991132127493277,1.436169193021257,-0.09425263106822968,-0.04746656119823456,-0.7305975556373596,0.13793182373046875,-0.12298056483268738,-0.125198632478714,-0.02593628689646721,-0.09425263106822968,-0.04746656119823456,-0.7305975556373596,0.13793182373046875,-0.12298056483268738,-0.125198632478714,1.0,0.06678983100357655,0.19368214039593656,0.9462883978637564,0.06890651204820271,0.19442107260676675,0.9024998346667837,4.900913680225569,0.0,0.0,12,2,1,2,1,0.0394
108,1,0.1078,0.082337271649258,0.2309930820651653,0.9793388327481265,0.9834437055588279,-0.17818326624892777,-0.028328724356061343,0.016931774920009683,0.0023837629430232448,-0.002489343547652512,0.30193324490394385,1.6136520558338616,0.014116112278653484,-0.0697491636134402,-0.01746792745908027,1.6177842480902924,1.4481472220611844,-0.1468903124332428,-0.17117945849895477,-0.8334933519363403,0.13014914095401764,-0.1763293445110321,-0.13268791139125824,-0.007883377373218536,-0.1468903124332428,-0.17117945849895477,-0.8334933519363403,0.13014914095401764,-0.1763293445110321,-0.13268791139125824,1.0,0.0671219290366991,0.19506404533519123,0.9382894314577978,0.06890651204820271,0.19442107260676675,0.9024998346667837,4.900784310539941,0.0,0.0,12,2,1,2,1,0.0412
109,0,0.0,0.08350286546935383,0.23064625376723663,0.9714342773501576,0.9821279864550128,-0.18598050296480595,-0.026843269837943252,0.010738230915116847,0.002382283236988451,-0.0024908096045613594,0.2983831149526277,1.6258468026367006,0.017140759348670733,-0.06973752064697912,-0.010751927951304956,1.638399618713989,1.4597773297235244,-0.13628053665161133,-0.10080786049365997,-0.8222732543945312,0.123698890209198,-0.18101873993873596,-0.13396823406219482,0.009598995558917522,-0.13628053665161133,-0.10080786049365997,-0.8222732543945312,0.123698890209198,-0.18101873993873596,-0.13396823406219482,1.0,0.06793522877250074,0.19542788075158057,0.9299039096391466,0.06890651204820271,0.19442107260676675,0.9024998346667837,4.90085846913667,0.0,0.0,12,2,1,2,1,0.0412
110,0,0.0,0.08489414443830927,0.22993934632307061,0.9632459727275475,0.9807171859614024,-0.193817149670599,-0.02463819006444198,0.0046554531315438335,0.0023836666790729884,-0.0024894589037356934,0.2946728741089562,1.63862277660933,0.01988691860020356,-0.0697289027820137,-0.004587750375634885,1.6608680451646733,1.471052051707122,-0.18215283751487732,-0.037167057394981384,-0.8019906878471375,0.11492544412612915,-0.174563467502594,-0.1398693472146988,-0.054356981068849564,-0.18215283751487732,-0.037167057394981384,-0.8019906878471375,0.11492544412612915,-0.174563467502594,-0.1398693472146988,1.0,0.06904247785586982,0.1954184259304719,0.9212366650734439,0.06890651204820271,0.19442107260676675,0.9024998346667837,4.898822216422131,0.0,0.0,12,2,1,2,1,0.0425
