start_move_step,closed_steps,touch_target_steps,max_force_target_N,max_lift_cm,bowl_to_plate_cm,other_contact_steps,task,trial,success,steps,type
12.0,41,31,6.4,10.3,1.1,0,0,0,True,83,успех
165.0,16,6,4.1,3.5,12.2,0,0,1,False,220,замирание
7.0,44,34,10.1,10.7,1.2,0,0,2,True,83,успех
6.0,62,52,9.8,17.1,1.2,0,1,0,True,114,успех
5.0,59,47,9.6,13.6,0.8,0,1,1,True,104,успех
7.0,54,51,10.2,16.0,1.0,0,1,2,True,111,успех
,0,0,0.0,0.0,23.6,0,2,0,False,220,замирание
31.0,67,54,6.9,16.0,2.2,0,2,1,True,129,успех
28.0,99,0,0.0,0.0,23.5,0,2,2,False,220,пустой захват
9.0,40,36,11.1,11.9,3.5,0,3,0,False,220,"донёс, но не поставил"
40.0,44,31,3.7,12.4,0.9,0,3,1,True,118,успех
5.0,38,32,16.5,10.4,2.6,0,3,2,True,76,успех
8.0,74,60,12.9,15.7,0.5,7,4,0,True,133,успех
7.0,154,0,0.0,0.0,32.8,25,4,1,False,220,столкновение с другим предметом
9.0,74,63,4.8,13.2,0.9,10,4,2,True,119,успех
6.0,77,82,51.2,15.0,2.8,0,5,0,True,121,успех
7.0,55,47,13.0,12.8,0.7,0,5,1,True,86,успех
5.0,56,54,19.7,12.4,1.5,0,5,2,True,86,успех
10.0,62,61,27.8,15.7,1.7,3,6,0,True,115,успех
7.0,69,63,8.0,14.3,2.4,3,6,1,True,121,успех
7.0,53,47,5.0,13.6,0.7,10,6,2,True,99,успех
7.0,124,0,0.0,0.0,43.2,6,7,0,False,220,пустой захват
10.0,91,90,54.1,16.4,0.5,3,7,1,True,123,успех
15.0,141,138,54.7,16.7,0.9,73,7,2,True,181,успех
20.0,40,36,9.4,9.8,1.3,0,8,0,True,107,успех
6.0,41,32,21.6,10.4,2.0,0,8,1,True,87,успех
,0,0,0.0,0.0,14.8,0,8,2,False,220,замирание
9.0,70,64,37.9,12.0,0.9,0,9,0,True,119,успех
7.0,83,88,59.8,13.7,2.9,5,9,1,True,146,успех
17.0,69,67,75.6,11.5,1.3,0,9,2,True,125,успех
