step,infer_s,eef_x,eef_y,eef_z,eef_qx,eef_qy,eef_qz,eef_qw,gripper_q0,gripper_q1,joint_0,joint_1,joint_2,joint_3,joint_4,joint_5,joint_6,act_raw_0,act_raw_1,act_raw_2,act_raw_3,act_raw_4,act_raw_5,act_raw_6,act_env_0,act_env_1,act_env_2,act_env_3,act_env_4,act_env_5,act_env_6,akita_black_bowl_1_x,akita_black_bowl_1_y,akita_black_bowl_1_z,plate_1_x,plate_1_y,plate_1_z,force_akita_black_bowl_1,force_plate_1,force_other,n_contacts
0,0.793,-0.20865388550906516,-0.013307972056615318,1.178458991815519,0.9996131094400496,-0.0004005159329383279,-0.027811336467740987,2.421693175647978e-05,0.03872215605635873,-0.03872337886983709,-0.009850924025123452,-0.16980674046188518,-0.01890331659880452,-2.4393583105458836,-0.005997210770624265,2.213948944160978,0.7620187650202961,0.06301391956268565,0.1071428656578064,-0.0026785731315612793,4.831982009551039e-05,4.201572315365443e-05,0.00012604848426930881,0.996078431372549,0.06301391956268565,0.1071428656578064,-0.0026785731315612793,4.831982009551039e-05,4.201572315365443e-05,0.00012604848426930881,-1.0,0.0071370557647211785,0.29824631861827444,0.8984038567263857,0.055186063443025,0.18896035738226993,0.9024995673059236,0.0,0.0,0.0,0
1,0.782,-0.20832869518166605,-0.012725088947957116,1.1784221641332944,0.999617938968556,-0.00010653609835348243,-0.02763969105045859,-0.00011054840679562694,0.038860218458510155,-0.03882977485559069,-0.009405933183634203,-0.16896462498673756,-0.01807009149048543,-2.4386522037990743,-0.005372900232916233,2.2144619905993332,0.7622850336038831,0.06301391956268565,0.1071428656578064,-0.0026785731315612793,4.831982009551039e-05,4.201572315365443e-05,0.00012604848426930881,0.996078431372549,0.06301391956268565,0.1071428656578064,-0.0026785731315612793,4.831982009551039e-05,4.201572315365443e-05,0.00012604848426930881,-1.0,0.007137055778696669,0.2982463186084314,0.8984040701014814,0.05518606345219909,0.1889603574122781,0.9024997617621902,0.0,0.0,0.0,0
2,0.928,-0.2077526329972647,-0.011594137952914587,1.1782914106752744,0.9996272370724874,0.0002033426295127705,-0.027299923635848104,-0.000244385096966138,0.03892967879218602,-0.03889737904885701,-0.008674272135999821,-0.16746920415193828,-0.016389238273856806,-2.437569976558472,-0.004503854577778062,2.2155378567978685,0.7635106065841093,0.06301391956268565,-0.0013865477898541423,0.06330882170621077,4.831982009551039e-05,4.201572315365443e-05,0.00012604848426930881,0.996078431372549,0.06301391956268565,-0.0013865477898541423,0.06330882170621077,4.831982009551039e-05,4.201572315365443e-05,0.00012604848426930881,-1.0,0.007137055782875848,0.29824631860521483,0.8984041283326119,0.05518606345434856,0.1889603574212215,0.9024998147869767,0.0,0.0,0.0,0
3,0.915,-0.20712832220075184,-0.01091066490284649,1.1785121589905567,0.9996374075106433,0.00022488120492575314,-0.02692535890789086,-0.0001672767869452252,0.038974604789446206,-0.03895706802337888,-0.0081619209102016,-0.16643542205823664,-0.015428447058285964,-2.435912117158171,-0.004376095331055796,2.215672738052303,0.7648652545576744,-0.0029850299042814,-0.0013865477898541423,-0.0026785731315612793,4.831982009551039e-05,4.201572315365443e-05,0.00012604848426930881,0.996078431372549,-0.0029850299042814,-0.0013865477898541423,-0.0026785731315612793,4.831982009551039e-05,4.201572315365443e-05,0.00012604848426930881,-1.0,0.007137055784112488,0.29824631860419715,0.8984041442241787,0.055186063454839895,0.18896035742386438,0.9024998292459088,0.0,0.0,0.0,0
4,0.928,-0.20680158973167154,-0.010753486078778815,1.178774691329119,0.999636923173449,0.000152233059783069,-0.026944192013518012,-9.576091504482839e-05,0.039018054792714085,-0.03900265664362973,-0.007896257873838913,-0.16588472571488672,-0.015313593582398175,-2.43458558090475,-0.004480084915440124,2.214810393855546,0.7654431912005256,0.06301391956268565,0.1071428656578064,-0.0026785731315612793,4.831982009551039e-05,4.201572315365443e-05,0.00012604848426930881,0.996078431372549,0.06301391956268565,0.1071428656578064,-0.0026785731315612793,4.831982009551039e-05,4.201572315365443e-05,0.00012604848426930881,-1.0,0.0071370557844752935,0.29824631860388245,0.8984041485610657,0.05518606345494836,0.18896035742463985,0.9024998331886069,0.0,0.0,0.0,0
5,0.78,-0.20639479728851945,-0.010138059042537078,1.1788002887136249,0.999639534803862,0.00036121653458764946,-0.02684446040810269,-0.00021195549083305454,0.03906169672147824,-0.039043905166001286,-0.007402248102370881,-0.16482595448004644,-0.014454031032820887,-2.4334354548516037,-0.00389463741789543,2.2149504479616895,0.7659696509471869,0.030014444829202236,0.08302521822499298,0.048644956186705945,4.831982009551039e-05,4.201572315365443e-05,0.00012604848426930881,0.996078431372549,0.030014444829202236,0.08302521822499298,0.048644956186705945,4.831982009551039e-05,4.201572315365443e-05,0.00012604848426930881,-1.0,0.007137055784580978,0.29824631860378686,0.8984041497446229,0.05518606345497107,0.18896035742486605,0.9024998342637116,0.0,0.0,0.0,0
6,0.797,-0.20592982301796597,-0.009125111558367212,1.1790119620526949,0.9996441049491889,0.0006041279908755581,-0.02666841952478941,-0.00030638171305372684,0.03910221506688997,-0.03908462807562212,-0.006727110949189244,-0.16406834239606638,-0.012982385979401838,-2.432026804746372,-0.0032216019120438946,2.2146334648148387,0.7671926488353253,0.030014444829202236,0.08302521822499298,0.048644956186705945,4.831982009551039e-05,-0.016504202227966447,0.00012604848426930881,0.996078431372549,0.030014444829202236,0.08302521822499298,0.048644956186705945,4.831982009551039e-05,-0.016504202227966447,0.00012604848426930881,-1.0,0.007137055784611578,0.2982463186037581,0.8984041500676215,0.055186063454975405,0.18896035742493172,0.9024998345568738,0.0,0.0,0.0,0
7,0.789,-0.20541546339293326,-0.008114384548905755,1.179633823512934,0.9996577573694727,0.000769007784817477,-0.026147076535034453,-0.00032733275571701463,0.039140840531595646,-0.03912375958651958,-0.006051117143780133,-0.16410318521892736,-0.011477424443175755,-2.4304895566699205,-0.002706935046471563,2.21415020905014,0.7686964693600604,0.030014444829202236,-0.0013865477898541423,0.0339810906672009,4.831982009551039e-05,4.201572315365443e-05,0.00012604848426930881,0.996078431372549,0.030014444829202236,-0.0013865477898541423,0.0339810906672009,4.831982009551039e-05,4.201572315365443e-05,0.00012604848426930881,-1.0,0.007137055784620389,0.2982463186037496,0.8984041501557689,0.05518606345497609,0.18896035742495065,0.9024998346368139,0.0,0.0,0.0,0
8,0.787,-0.20501445231497376,-0.007541431956896966,1.1801503336685024,0.9996690159683006,0.0007528332093335588,-0.025714495035635596,-0.00023769768618300997,0.03917648298319798,-0.039162542647978256,-0.00560722499168486,-0.1641655721776121,-0.010689200112930992,-2.429293905409522,-0.002681999000692816,2.2137176679178308,0.7699477834443957,-0.0029850299042814,0.11317227751600978,-0.0026785731315612793,4.831982009551039e-05,-0.01199159733220645,0.00012604848426930881,0.996078431372549,-0.0029850299042814,0.11317227751600978,-0.0026785731315612793,4.831982009551039e-05,-0.01199159733220645,0.00012604848426930881,-1.0,0.007137055784622916,0.2982463186037471,0.8984041501798249,0.05518606345497614,0.18896035742495607,0.9024998346586124,0.0,0.0,0.0,0
9,0.805,-0.20476517297637026,-0.006796397520121711,1.1804291683683952,0.9996755137990065,0.000905848080002214,-0.025454932633189587,-0.0003048845464255819,0.03921313638359417,-0.03919712361534914,-0.005061937815667563,-0.16415101531969292,-0.009597187562240773,-2.428617850948903,-0.0021637812485381567,2.213575264824879,0.7709082092902055,0.06301391956268565,0.1071428656578064,-0.0026785731315612793,4.831982009551039e-05,4.201572315365443e-05,0.00012604848426930881,0.996078431372549,0.06301391956268565,0.1071428656578064,-0.0026785731315612793,4.831982009551039e-05,4.201572315365443e-05,0.00012604848426930881,-1.0,0.007137055784623638,0.29824631860374645,0.8984041501863897,0.05518606345497614,0.1889603574249576,0.9024998346645562,0.0,0.0,0.0,0
10,0.785,-0.20439069723842082,-0.005582188136658562,1.180451841812056,0.9996854098202488,0.0011562699401649335,-0.025051544254113593,-0.0004056634443816917,0.03924743852887942,-0.03923099581437999,-0.004311703831815811,-0.16348065037339807,-0.00777933230599743,-2.428043379390996,-0.0013854537776700458,2.2144858791564075,0.7724657412115838,-0.0029850299042814,0.11317227751600978,-0.0026785731315612793,4.831982009551039e-05,-0.01199159733220645,0.00012604848426930881,0.996078431372549,-0.0029850299042814,0.11317227751600978,-0.0026785731315612793,4.831982009551039e-05,-0.01199159733220645,0.00012604848426930881,-1.0,0.007137055784623843,0.29824631860374645,0.8984041501881814,0.05518606345497614,0.18896035742495804,0.9024998346661771,0.0,0.0,0.0,0
11,0.807,-0.20405354818693447,-0.004249538733079719,1.1804342630740852,0.9996933047920599,0.001353991590318071,-0.024723594410786164,-0.0004549067076307471,0.039280079646124816,-0.03926360416316416,-0.0035145449948255306,-0.1628641744328688,-0.005732930395005042,-2.427550228665369,-0.0006724044498339569,2.215251808258244,0.7744377332557146,0.08941349934947262,0.1614075723816366,0.06330882170621077,4.831982009551039e-05,4.201572315365443e-05,0.00012604848426930881,0.996078431372549,0.08941349934947262,0.1614075723816366,0.06330882170621077,4.831982009551039e-05,4.201572315365443e-05,0.00012604848426930881,-1.0,0.007137055784623902,0.29824631860374645,0.8984041501886704,0.05518606345497614,0.18896035742495804,0.9024998346666192,0.0,0.0,0.0,0
12,0.807,-0.20356026043627065,-0.0025843348285248856,1.1807490982479827,0.9997083692462799,0.0016038352793310007,-0.024089598343484238,-0.0005435282777508099,0.03931201347339313,-0.039294119426744524,-0.0025621846087333223,-0.1625436773152908,-0.0031229396648604253,-2.4265466916900147,0.00029946915272057405,2.215871890711126,0.7768453289980446,0.08941349934947262,0.1614075723816366,0.06330882170621077,4.831982009551039e-05,4.201572315365443e-05,0.00012604848426930881,0.996078431372549,0.08941349934947262,0.1614075723816366,0.06330882170621077,4.831982009551039e-05,4.201572315365443e-05,0.00012604848426930881,-1.0,0.00713705578462392,0.29824631860374645,0.8984041501888038,0.05518606345497614,0.18896035742495804,0.9024998346667397,0.0,0.0,0.0,0
13,0.79,-0.20282062163271244,-0.0006298501956951176,1.1812709460826114,0.9997249888243595,0.00183905011924973,-0.023370539933356096,-0.0006184480704862477,0.039342140173612136,-0.03932376117235595,-0.0014915821384279102,-0.16188371620129197,-3.8960149998206286e-05,-2.4246443881083914,0.0013453988229757633,2.216061646025482,0.7798336409022205,0.08941349934947262,0.1614075723816366,0.0706407544659633,4.831982009551039e-05,4.201572315365443e-05,0.00012604848426930881,0.996078431372549,0.08941349934947262,0.1614075723816366,0.0706407544659633,4.831982009551039e-05,4.201572315365443e-05,0.00012604848426930881,-1.0,0.007137055784623921,0.29824631860374645,0.8984041501888405,0.05518606345497614,0.18896035742495804,0.9024998346667725,0.0,0.0,0.0,0
14,0.782,-0.20198788973514525,0.0014031827321245472,1.1818873989759329,0.999739717928493,0.0020193246390441955,-0.022715559403122317,-0.00064968089196133,0.03937078872019077,-0.039352317423424,-0.00039915339571744543,-0.16101547452987197,0.0031964950477317996,-2.4222128855105147,0.002307510684353103,2.215808262089472,0.7831555081288529,-0.0029850299042814,-0.0013865477898541423,-0.0026785731315612793,4.831982009551039e-05,4.201572315365443e-05,0.00012604848426930881,0.996078431372549,-0.0029850299042814,-0.0013865477898541423,-0.0026785731315612793,4.831982009551039e-05,4.201572315365443e-05,0.00012604848426930881,-1.0,0.007137055784623921,0.29824631860374645,0.8984041501888503,0.05518606345497614,0.18896035742495804,0.9024998346667815,0.0,0.0,0.0,0
15,0.785,-0.20154197372001206,0.002583643713244515,1.1822277599123852,0.9997398587501151,0.0018769926682798976,-0.022726334669907845,-0.00045325190953058973,0.03939549861195907,-0.03938236390554324,0.00024529222595266606,-0.16021264256815607,0.005056751591279117,-2.4203989583702974,0.0023067931631380206,2.2147070585783974,0.7859500037961568,0.08941349934947262,0.1614075723816366,0.0706407544659633,4.831982009551039e-05,4.201572315365443e-05,0.00012604848426930881,0.996078431372549,0.08941349934947262,0.1614075723816366,0.0706407544659633,4.831982009551039e-05,4.201572315365443e-05,0.00012604848426930881,-1.0,0.007137055784623921,0.29824631860374645,0.898404150188853,0.05518606345497614,0.18896035742495804,0.9024998346667837,0.0,0.0,0.0,0
16,0.916,-0.2009637678960289,0.00377783278176075,1.18267554118641,0.9997463496052331,0.0019733069320736485,-0.022430341346585645,-0.0004714847160304488,0.039423125005106474,-0.039407148466765726,0.0009298228874227822,-0.15945748178436844,0.0069873184193739455,-2.4183858642031826,0.0029046699378870223,2.214118835251882,0.7879303044494746,0.261010767963587,-0.0013865477898541423,0.0779726872257156,4.831982009551039e-05,4.201572315365443e-05,0.00012604848426930881,0.996078431372549,0.261010767963587,-0.0013865477898541423,0.0779726872257156,4.831982009551039e-05,4.201572315365443e-05,0.00012604848426930881,-1.0,0.007137055784623921,0.29824631860374645,0.898404150188853,0.05518606345497614,0.18896035742495804,0.9024998346667837,0.0,0.0,0.0,0
17,0.933,-0.19928132059857068,0.004742678058489086,1.1832766829355117,0.9997789831807076,0.001958895558862417,-0.020928198174846094,-0.00039754181343401584,0.03944613362853796,-0.039434302549642516,0.0014424466034468383,-0.15675043503602662,0.008440649750759449,-2.41442980668996,0.0030351342194229647,2.215969992431566,0.7898629755618777,0.3600091921640377,0.281995809545704,0.12929621654398304,4.831982009551039e-05,4.201572315365443e-05,0.00012604848426930881,0.996078431372549,0.3600091921640377,0.281995809545704,0.12929621654398304,4.831982009551039e-05,4.201572315365443e-05,0.00012604848426930881,-1.0,0.007137055784623921,0.29824631860374645,0.898404150188853,0.05518606345497614,0.18896035742495804,0.9024998346667837,0.0,0.0,0.0,0
18,1.009,-0.19638422104279754,0.006513571591869124,1.1839321792211146,0.9998237134936394,0.0023284104925520577,-0.018619042826868572,-0.0006720748300356088,0.03947373852895148,-0.03945470748385566,0.002371636164971991,-0.15135630011840656,0.01123339373240726,-2.407682764505906,0.004370148791679289,2.219286549369601,0.7919280031685272,0.48540719615127503,0.5231722838738384,0.026649157907448484,4.831982009551039e-05,-0.051100839762126704,0.00012604848426930881,0.996078431372549,0.48540719615127503,0.5231722838738384,0.026649157907448484,4.831982009551039e-05,-0.051100839762126704,0.00012604848426930881,-1.0,0.007137055784623921,0.29824631860374645,0.898404150188853,0.05518606345497614,0.18896035742495804,0.9024998346667837,0.0,0.0,0.0,0
19,0.835,-0.19179425113326087,0.010971560427423439,1.1844440140318715,0.9998859103782556,0.0032603667144071036,-0.014680848714931506,-0.0014173626718011713,0.039502727484237755,-0.03947165462954515,0.004510690956725733,-0.14211709553239524,0.01815230550242103,-2.3979777632448602,0.007594860763851052,2.226920525735798,0.7970216936863442,0.5778057254050292,0.5894958143140756,-0.0026785731315612793,4.831982009551039e-05,-0.11277310667084713,-0.003756304435870217,0.996078431372549,0.5778057254050292,0.5894958143140756,-0.0026785731315612793,4.831982009551039e-05,-0.11277310667084713,-0.003756304435870217,-1.0,0.007137055784623921,0.29824631860374645,0.898404150188853,0.05518606345497614,0.18896035742495804,0.9024998346667837,0.0,0.0,0.0,0
20,0.824,-0.18526925233760877,0.017436812473379967,1.1846420001262659,0.999955956556984,0.004017289176104555,-0.00820021428029255,-0.0021685985426165297,0.03952962454392087,-0.03948871129524753,0.007455896976188053,-0.12896720623113964,0.028117954479607344,-2.385938277767711,0.010836877358149023,2.241298761997854,0.8063339191828411,0.5646059355116358,0.6437605210379058,0.0339810906672009,0.0323298328939606,-0.0345546218110066,0.00012604848426930881,0.996078431372549,0.5646059355116358,0.6437605210379058,0.0339810906672009,0.0323298328939606,-0.0345546218110066,0.00012604848426930881,-1.0,0.007137055784623921,0.29824631860374645,0.898404150188853,0.05518606345497614,0.18896035742495804,0.9024998346667837,0.0,0.0,0.0,0
21,0.829,-0.17879271974875102,0.02530186788257835,1.1841910428733116,0.9999799316573181,0.004500120476767067,-0.002525139733124096,-0.0036754411499248206,0.03955646916313126,-0.03950392908715341,0.010908131839879457,-0.11392088981253011,0.039756308429555735,-2.3731235731255538,0.015787523641648784,2.2548679476345175,0.8172613827503449,0.5514061456182423,0.6377311091797024,0.01931722514769607,0.04309033725191566,-0.04508403323444665,0.00012604848426930881,0.996078431372549,0.5514061456182423,0.6377311091797024,0.01931722514769607,0.04309033725191566,-0.04508403323444665,0.00012604848426930881,-1.0,0.007137055784623921,0.29824631860374645,0.898404150188853,0.05518606345497614,0.18896035742495804,0.9024998346667837,0.0,0.0,0.0,0
22,0.818,-0.17253155821225163,0.03381438299020177,1.18363788595541,0.999967677965409,0.004740865711894859,0.0019303402729783045,-0.006200080902654755,0.03958126758347144,-0.03951938835465448,0.014491932778942972,-0.09788034999364269,0.05166271191368033,-2.358713902753963,0.022628603587149312,2.2657839563463753,0.8278770536789157,0.5646059355116358,0.6256722854632957,-0.0026785731315612793,0.053850841609870664,-0.0676470577132468,0.00012604848426930881,0.996078431372549,0.5646059355116358,0.6256722854632957,-0.0026785731315612793,0.053850841609870664,-0.0676470577132468,0.00012604848426930881,-1.0,0.007137055784623921,0.29824631860374645,0.898404150188853,0.05518606345497614,0.18896035742495804,0.9024998346667837,0.0,0.0,0.0,0
23,0.8,-0.16581146101583835,0.04237634135325908,1.1832671266018975,0.9999219141792459,0.004801050614960889,0.006720441687381833,-0.009378225878646113,0.03960476625769243,-0.03953442417962325,0.017953227935972187,-0.08082222908614674,0.06309030368790432,-2.342687644423966,0.030236079974951043,2.2770208900295272,0.8377202400964479,0.5844056203517257,0.6136134617468889,-0.0026785731315612793,4.831982009551039e-05,-0.12179831646236719,-0.028344539596753954,0.996078431372549,0.5844056203517257,0.6136134617468889,-0.0026785731315612793,4.831982009551039e-05,-0.12179831646236719,-0.028344539596753954,-1.0,0.007137055784623921,0.29824631860374645,0.898404150188853,0.05518606345497614,0.18896035742495804,0.9024998346667837,0.0,0.0,0.0,0
24,0.811,-0.15826171716188359,0.0501619042645266,1.1832673089375645,0.9998408869812124,0.004100196046415205,0.01306840841616767,-0.011428290093920764,0.039624969144553615,-0.039551106265377,0.021010711775767903,-0.06320294646673635,0.07358743973604752,-2.3255540189463315,0.0333480172742295,2.290889623689182,0.8506694061835818,0.5844056203517257,0.6136134617468889,-0.0026785731315612793,0.037296219520709106,-0.06915125934516683,0.00012604848426930881,0.996078431372549,0.5844056203517257,0.6136134617468889,-0.0026785731315612793,0.037296219520709106,-0.06915125934516683,0.00012604848426930881,-1.0,0.007137055784623921,0.29824631860374645,0.898404150188853,0.05518606345497614,0.18896035742495804,0.9024998346667837,0.0,0.0,0.0,0
25,0.808,-0.15091010388640227,0.0582065518403642,1.1829661863407281,0.9997237391766243,0.0034969812547356316,0.019145832012550646,-0.013177767844316379,0.039647736065680464,-0.039563642395491455,0.02414371180868108,-0.045072807237696536,0.08448714340230579,-2.308425798842418,0.035168852526531506,2.304483258265682,0.8645252302375456,0.5844056203517257,0.6317016973214991,-0.0026785731315612793,4.831982009551039e-05,-0.08419327566436693,-0.01669748083633535,0.996078431372549,0.5844056203517257,0.6317016973214991,-0.0026785731315612793,4.831982009551039e-05,-0.08419327566436693,-0.01669748083633535,-1.0,0.007137055784623921,0.29824631860374645,0.898404150188853,0.05518606345497614,0.18896035742495804,0.9024998346667837,0.0,0.0,0.0,0
26,0.817,-0.14366530945815587,0.06619413172393422,1.1825281106254244,0.9995794751302662,0.0030161858747298487,0.024835485259895117,-0.014661998259957754,0.039667606802134374,-0.03957756126829582,0.027192842000851813,-0.02644592533403521,0.09513170899134116,-2.2906465287138755,0.0350281386553617,2.3172846224605963,0.8791675297663906,0.5976054102451195,0.6136134617468889,-0.0026785731315612793,0.037296219520709106,-0.08268907403244694,0.00012604848426930881,0.996078431372549,0.5976054102451195,0.6136134617468889,-0.0026785731315612793,0.037296219520709106,-0.08268907403244694,0.00012604848426930881,-1.0,0.007137055784623921,0.29824631860374645,0.898404150188853,0.05518606345497614,0.18896035742495804,0.9024998346667837,0.0,0.0,0.0,0
27,0.814,-0.1362742364557603,0.07446991400841368,1.1821570108372343,0.9993911094025855,0.0026300473581866712,0.030721296367457813,-0.01633080669974466,0.039688779971927615,-0.03958872928481423,0.030296420285430982,-0.0072845190163654434,0.10590620978910104,-2.271983184079524,0.034542541116189436,2.330169256125935,0.89391024066797,0.604205305191816,0.6317016973214991,-0.0026785731315612793,4.831982009551039e-05,-0.08720167892820695,-0.006344539715963271,0.996078431372549,0.604205305191816,0.6317016973214991,-0.0026785731315612793,4.831982009551039e-05,-0.08720167892820695,-0.006344539715963271,-1.0,0.007137055784623921,0.29824631860374645,0.898404150188853,0.05518606345497614,0.18896035742495804,0.9024998346667837,0.0,0.0,0.0,0
28,0.825,-0.1287567470919179,0.08254046978792975,1.1817750451034177,0.9991642671018224,0.002430212175293822,0.036714633921213824,-0.01780160306520335,0.03970713217996053,-0.03960133281222217,0.03329103732655683,0.012385211076039713,0.11613141461285038,-2.252582494005469,0.0321181419790883,2.3429713084547763,0.9088929434449257,0.604205305191816,0.661848756612516,-0.0026785731315612793,0.014947479700340938,-0.06163025118556678,0.00012604848426930881,0.996078431372549,0.604205305191816,0.661848756612516,-0.0026785731315612793,0.014947479700340938,-0.06163025118556678,0.00012604848426930881,-1.0,0.007137055784623921,0.29824631860374645,0.898404150188853,0.05518606345497614,0.18896035742495804,0.9024998346667837,0.0,0.0,0.0,0
29,0.808,-0.12141182883911515,0.09084575348316562,1.1811726375517373,0.9989245993336495,0.002439732225818614,0.0422317424384489,-0.018978210753003245,0.03972689352993531,-0.039611199971384896,0.03642446475216672,0.03271359675162662,0.12656822111439253,-2.2324932823670065,0.028062219248035182,2.354625982370425,0.9248240805641339,0.604205305191816,0.661848756612516,-0.0026785731315612793,4.831982009551039e-05,-0.08419327566436693,0.00012604848426930881,0.996078431372549,0.604205305191816,0.661848756612516,-0.0026785731315612793,4.831982009551039e-05,-0.08419327566436693,0.00012604848426930881,-1.0,0.007137055784623921,0.29824631860374645,0.898404150188853,0.05518606345497614,0.18896035742495804,0.9024998346667837,0.0,0.0,0.0,0
30,0.994,-0.1139449037400334,0.09927166051866206,1.1806608820862388,0.9986520545613,0.0025889389581255084,0.047825285202103926,-0.02000283507160041,0.039744863823656204,-0.039621587857136945,0.03963784750849595,0.053543039736666076,0.13683965961779623,-2.211281215757028,0.02220932707864102,2.365813727641393,0.941543506360917,0.3666090871107345,0.348319339985941,-0.20797269040463018,0.02322479074492176,4.201572315365443e-05,-0.03869748071712606,0.996078431372549,0.3666090871107345,0.348319339985941,-0.20797269040463018,0.02322479074492176,4.201572315365443e-05,-0.03869748071712606,-1.0,0.007137055784623921,0.29824631860374645,0.898404150188853,0.05518606345497614,0.18896035742495804,0.9024998346667837,0.0,0.0,0.0,0
31,0.925,-0.10813470034547064,0.1061478131113005,1.178677049027415,0.9985337140209131,0.001128004199319188,0.05008577106170266,-0.020507684103305023,0.0397568066270006,-0.03963679324285046,0.04232542956171858,0.0739666924959499,0.1449140349150089,-2.1925761345337635,0.01608783954274002,2.3717920125149217,0.959163600269462,0.7692026788592338,0.6015546380304821,-0.16398109384611548,4.831982009551039e-05,-0.04809243649828668,0.00012604848426930881,0.996078431372549,0.7692026788592338,0.6015546380304821,-0.16398109384611548,4.831982009551039e-05,-0.04809243649828668,0.00012604848426930881,-1.0,0.007137055784623921,0.29824631860374645,0.898404150188853,0.05518606345497614,0.18896035742495804,0.9024998346667837,0.0,0.0,0.0,0
32,1.002,-0.1010819509367937,0.1127736194427521,1.1761358066912058,0.99835112745225,-0.0001673456354113756,0.05320174776720521,-0.021553940353754426,0.039773641629093574,-0.03964594715006091,0.04494616384279917,0.09821793935141812,0.1521389862801799,-2.1707313423648498,0.009733638221289285,2.3810099342673916,0.9751041398053183,0.5118067759380621,0.3543487518441444,-0.2153046231643827,4.831982009551039e-05,-0.013495798964126449,0.00012604848426930881,0.996078431372549,0.5118067759380621,0.3543487518441444,-0.2153046231643827,4.831982009551039e-05,-0.013495798964126449,0.00012604848426930881,-1.0,0.007137055784623921,0.29824631860374645,0.898404150188853,0.05518606345497614,0.18896035742495804,0.9024998346667837,0.0,0.0,0.0,0
33,0.824,-0.09374955974007447,0.11887377888759193,1.1728603636821922,0.9981939718504597,-0.0005801768341229807,0.05592506124963731,-0.021928189174400526,0.03978504895591568,-0.03965941350185547,0.04751140087670166,0.1241204093845712,0.15830439240065083,-2.147900519463169,0.001013189330672324,2.389075699827801,0.9898502772466361,0.5118067759380621,0.6377311091797024,-0.16398109384611548,4.831982009551039e-05,-0.08569747729628695,-0.019285716116428375,0.996078431372549,0.5118067759380621,0.6377311091797024,-0.16398109384611548,4.831982009551039e-05,-0.08569747729628695,-0.019285716116428375,-1.0,0.007137055784623921,0.29824631860374645,0.898404150188853,0.05518606345497614,0.18896035742495804,0.9024998346667837,0.0,0.0,0.0,0
34,0.812,-0.08661499937682493,0.12529643816850788,1.1703942860709422,0.997994531992985,-0.0008854131481384475,0.05921945062485255,-0.022342489193223142,0.03980167116936881,-0.039666599393322434,0.05044356001471363,0.14824833506107032,0.16479481700649312,-2.1249395051191424,-0.00832631179479414,2.3968358745778318,1.005403102441298,0.40620845679091466,0.6136134617468889,-0.3912710093984417,0.04474579946083182,-0.05711764628980673,-0.010226892636102797,0.996078431372549,0.40620845679091466,0.6136134617468889,-0.3912710093984417,0.04474579946083182,-0.05711764628980673,-0.010226892636102797,-1.0,0.007137055784623921,0.29824631860374645,0.898404150188853,0.05518606345497614,0.18896035742495804,0.9024998346667837,0.0,0.0,0.0,0
35,0.793,-0.08012037756478796,0.1333774529560655,1.1671003319903608,0.9977656717472239,-0.0013373394361492208,0.062345478141061283,-0.023977430250245853,0.039818680161784796,-0.03967237435552577,0.054101825942922996,0.17311386303482676,0.17294458292247888,-2.103429635030494,-0.015638388504927818,2.4065204197545853,1.0220747300568962,0.5976054102451195,0.6497899328961092,-0.20797269040463018,0.03398529510287676,-0.0029663875406863716,0.00012604848426930881,0.996078431372549,0.5976054102451195,0.6497899328961092,-0.20797269040463018,0.03398529510287676,-0.0029663875406863716,0.00012604848426930881,-1.0,0.007137055784623921,0.29824631860374645,0.898404150188853,0.05518606345497614,0.18896035742495804,0.9024998346667837,0.0,0.0,0.0,0
36,0.803,-0.07384846572308736,0.14194191475197698,1.1629644333516376,0.9975368170381289,-0.0018378248249651952,0.06486384772256323,-0.02663836166084993,0.0398337739765321,-0.039679089024018135,0.057983818369004084,0.19942215408817238,0.1810999925651979,-2.0815166247160186,-0.02106178087156463,2.416607637500816,1.0374926792272858,0.7824024687526271,0.6015546380304821,-0.20797269040463018,4.831982009551039e-05,-0.007478992436446424,0.00012604848426930881,0.996078431372549,0.7824024687526271,0.6015546380304821,-0.20797269040463018,4.831982009551039e-05,-0.007478992436446424,0.00012604848426930881,-1.0,0.007137055784623921,0.29824631860374645,0.898404150188853,0.05518606345497614,0.18896035742495804,0.9024998346667837,0.0,0.0,0.0,0
37,0.812,-0.06623563960138937,0.14969153039624852,1.1588470278454537,0.997255569708067,-0.002197100717920175,0.0681846476295559,-0.02876378386627908,0.03984529321972859,-0.03968844484234028,0.061910138026785896,0.22858973244113168,0.18740312703055062,-2.0554824951486017,-0.029478147932206183,2.4267149039427833,1.0526066194043333,0.7758025738059305,0.6015546380304821,-0.3032878162814121,4.831982009551039e-05,-0.007478992436446424,0.00012604848426930881,0.996078431372549,0.7758025738059305,0.6015546380304821,-0.3032878162814121,4.831982009551039e-05,-0.007478992436446424,0.00012604848426930881,-1.0,0.007137055784623921,0.29824631860374645,0.898404150188853,0.05518606345497614,0.18896035742495804,0.9024998346667837,0.0,0.0,0.0,0
38,0.806,-0.05766284492893113,0.15694501879191194,1.153972124320377,0.9969809995088618,-0.002290387459827403,0.07151935466670936,-0.03014336828643244,0.039857601483211644,-0.039696117223976125,0.06618030647744882,0.26133932825925754,0.19242574392861428,-2.025736951543794,-0.04096703877954125,2.436086658880694,1.0680453428293777,0.6768041496054799,0.6799369921871261,-0.16398109384611548,0.04474579946083182,4.201572315365443e-05,0.00012604848426930881,0.996078431372549,0.6768041496054799,0.6799369921871261,-0.16398109384611548,0.04474579946083182,4.201572315365443e-05,0.00012604848426930881,-1.0,0.007137055784623921,0.29824631860374645,0.898404150188853,0.05518606345497614,0.18896035742495804,0.9024998346667837,0.0,0.0,0.0,0
39,0.815,-0.049412447886730555,0.16532375729467833,1.149466470945275,0.9967305120329137,-0.0022971106531223806,0.07395926976187939,-0.032450517431023465,0.039873805324161765,-0.0396990372757346,0.07101974861712299,0.2939272452638159,0.19850415238709637,-1.9938140013426362,-0.05000937173660292,2.44181894259743,1.082836933116616,0.6702042546587831,0.6377311091797024,-0.24463235420339247,4.831982009551039e-05,4.201572315365443e-05,0.00012604848426930881,0.996078431372549,0.6702042546587831,0.6377311091797024,-0.24463235420339247,4.831982009551039e-05,4.201572315365443e-05,0.00012604848426930881,-1.0,0.007137055784623921,0.29824631860374645,0.898404150188853,0.05518606345497614,0.18896035742495804,0.9024998346667837,0.0,0.0,0.0,0
40,0.814,-0.041462558864949005,0.17347771547748406,1.1454308494977667,0.9965362500767361,-0.002453108640791013,0.07565383269249441,-0.03443809140949321,0.039884698528422864,-0.03970644829753999,0.07620630065894936,0.3257338264200919,0.20380508545134243,-1.960544576080967,-0.059604984675384214,2.4437784480736893,1.0975796800882422,0.6768041496054799,0.6558193447543126,-0.19330882488512524,0.03398529510287676,4.201572315365443e-05,0.00012604848426930881,0.996078431372549,0.6768041496054799,0.6558193447543126,-0.19330882488512524,0.03398529510287676,4.201572315365443e-05,0.00012604848426930881,-1.0,0.007137055784623921,0.29824631860374645,0.898404150188853,0.05518606345497614,0.18896035742495804,0.9024998346667837,0.0,0.0,0.0,0
41,0.791,-0.033447066366298,0.18177834781080404,1.14155615543693,0.9963415799791313,-0.002563506525897874,0.07727259220286296,-0.03641196140321786,0.03989857875784952,-0.03971008751320503,0.0819024417145054,0.3578669562566606,0.20887490284190877,-1.9254929231641764,-0.06919315468771445,2.4441983714553404,1.1120978304312854,0.6636043597120865,0.39655463485156783,-0.2959558835216597,0.04640126166974795,-0.013495798964126449,-0.042579833637265585,0.996078431372549,0.6636043597120865,0.39655463485156783,-0.2959558835216597,0.04640126166974795,-0.013495798964126449,-0.042579833637265585,-1.0,0.007137055784623921,0.29824631860374645,0.898404150188853,0.05518606345497614,0.18896035742495804,0.9024998346667837,0.0,0.0,0.0,0
42,0.804,-0.025204111852650896,0.18895672903704944,1.1376475246445823,0.9961404890212646,-0.004429568328469247,0.0786794988133977,-0.038652833316209154,0.03990601692116257,-0.03971942218784542,0.08739933081179914,0.39002227854990396,0.2119845261757525,-1.8896245437028978,-0.07709712529594692,2.4436694498149736,1.1267665328844565,0.6372047799252994,0.48096640086641496,-0.2959558835216597,0.09192647241494234,-0.04357983160252665,-0.011521010276149296,0.996078431372549,0.6372047799252994,0.48096640086641496,-0.2959558835216597,0.09192647241494234,-0.04357983160252665,-0.011521010276149296,-1.0,0.007137055784623921,0.29824631860374645,0.898404150188853,0.05518606345497614,0.18896035742495804,0.9024998346667837,0.0,0.0,0.0,0
43,0.793,-0.016770369117381043,0.1961008628673244,1.13380120463076,0.99582497005847,-0.006702408446584429,0.080570891946002,-0.0423796897120146,0.03991881342583359,-0.03972268697799338,0.09276056635725939,0.4222016774969305,0.21488531995653767,-1.8534751262910647,-0.08090005015144598,2.445001605483354,1.1383473633166987,0.5514061456182423,0.5050840482992285,-0.4645903369959663,4.831982009551039e-05,-0.027033613651406524,-0.019285716116428375,0.996078431372549,0.5514061456182423,0.5050840482992285,-0.4645903369959663,4.831982009551039e-05,-0.027033613651406524,-0.019285716116428375,-1.0,0.007137055784623921,0.29824631860374645,0.898404150188853,0.05518606345497614,0.18896035742495804,0.9024998346667837,0.0,0.0,0.0,0
44,0.93,-0.008779706655751424,0.2022658466278438,1.12883092419009,0.9955807797751806,-0.00813992772401928,0.08202372285988416,-0.044997348889621994,0.03992512752288196,-0.03973174443950522,0.09846273085493239,0.4547639727631585,0.21611654923951581,-1.8186455076587802,-0.08687536119761262,2.446306210454947,1.1484791590665684,0.5976054102451195,0.4628781652918048,-0.4425945387167089,0.0323298328939606,-0.07366386424092686,-0.003756304435870217,0.996078431372549,0.5976054102451195,0.4628781652918048,-0.4425945387167089,0.0323298328939606,-0.07366386424092686,-0.003756304435870217,-1.0,0.007137055784623921,0.29824631860374645,0.898404150188853,0.05518606345497614,0.18896035742495804,0.9024998346667837,0.0,0.0,0.0,0
45,0.959,-0.0006115473476378183,0.20812116092847915,1.1233506771641344,0.9952769450191447,-0.008765158773761605,0.08469296233368662,-0.04662699685990422,0.03993533439458352,-0.039736245939814605,0.10494017811623253,0.48789147359631535,0.21637376482853574,-1.7839012324308015,-0.09597120942012372,2.4503157341573782,1.1588274251158868,0.44580782647109485,0.39655463485156783,-0.5672373956325008,-0.007401260120027203,-0.07366386424092686,-0.07234453935833537,0.996078431372549,0.44580782647109485,0.39655463485156783,-0.5672373956325008,-0.007401260120027203,-0.07366386424092686,-0.07234453935833537,-1.0,0.007137055784623921,0.29824631860374645,0.898404150188853,0.05518606345497614,0.18896035742495804,0.9024998346667837,0.0,0.0,0.0,0
46,1.006,0.007184402236175159,0.2128709139632749,1.11726728663098,0.994983273459367,-0.010706226714298106,0.08763135754577797,-0.047057490586594496,0.03994042678310243,-0.03974523340727508,0.1118935969049331,0.5200797102967731,0.21466999495640704,-1.751279497976112,-0.10756263771645837,2.4550897464527397,1.172715709562871,0.44580782647109485,0.27596639768750064,-0.7871953784250746,0.04640126166974795,-0.08569747729628695,-0.07881512755856795,0.996078431372549,0.44580782647109485,0.27596639768750064,-0.7871953784250746,0.04640126166974795,-0.08569747729628695,-0.07881512755856795,-1.0,0.007137055784623921,0.29824631860374645,0.898404150188853,0.05518606345497614,0.18896035742495804,0.9024998346667837,0.0,0.0,0.0,0
47,0.815,0.014375364346340146,0.21724406789670253,1.1096117893093673,0.9946506285776873,-0.014680942694875299,0.09054876086452804,-0.04749230356067067,0.039948392291882705,-0.039750751466832115,0.11926886565951142,0.5530153549319897,0.21201782028313598,-1.7212419128105314,-0.11899055102442731,2.4634780524455264,1.190211517018025,0.32700971743055407,0.1071428656578064,-0.20064075764487777,4.831982009551039e-05,4.201572315365443e-05,-0.18363865640233545,0.996078431372549,0.32700971743055407,0.1071428656578064,-0.20064075764487777,4.831982009551039e-05,4.201572315365443e-05,-0.18363865640233545,-1.0,0.007137055784623921,0.29824631860374645,0.898404150188853,0.05518606345497614,0.18896035742495804,0.9024998346667837,0.0,0.0,0.0,0
48,0.816,0.020185029451182633,0.21960404827541927,1.1032924460718183,0.9944153112811078,-0.022330384553055527,0.0918989224542301,-0.04684154851368758,0.039950655830438594,-0.039761417990207576,0.12606656932807642,0.5790289520531848,0.20737093658027625,-1.6956157324211971,-0.12871365645857136,2.4657315200554195,1.2127182961063703,0.2676106629102838,0.21567227910546694,-0.2886239507619073,4.831982009551039e-05,0.0015462173550736535,-0.18363865640233545,0.996078431372549,0.2676106629102838,0.21567227910546694,-0.2886239507619073,4.831982009551039e-05,0.0015462173550736535,-0.18363865640233545,-1.0,0.007137055784623921,0.29824631860374645,0.898404150188853,0.05518606345497614,0.18896035742495804,0.9024998346667837,0.0,0.0,0.0,0
49,0.783,0.02461060165000585,0.22143263879349823,1.0993658290918789,0.9941960911592241,-0.03234171385878132,0.09198084903306515,-0.045471631591043365,0.039958709729923256,-0.039765771127191894,0.13291699556361145,0.5986030969929549,0.2027057206366991,-1.6729201849726176,-0.13701343686155104,2.46199974796016,1.239204428523558,0.20161171344331663,0.2277311028218736,-0.7651995801458171,0.04640126166974795,-0.07516806587284686,-0.12928571552038193,0.996078431372549,0.20161171344331663,0.2277311028218736,-0.7651995801458171,0.04640126166974795,-0.07516806587284686,-0.12928571552038193,-1.0,0.007137055784623921,0.29824631860374645,0.898404150188853,0.05518606345497614,0.18896035742495804,0.9024998346667837,0.0,0.0,0.0,0
50,0.802,0.02880035965724707,0.22474252491652363,1.093770001336787,0.9937772179882942,-0.041281536678689335,0.09293459740894572,-0.04545147237799761,0.039967885939371756,-0.03976846062470971,0.14040296552959378,0.6211721091090832,0.19912812760947002,-1.6513416425308827,-0.14458809667324699,2.4649806530503766,1.2643284826471135,0.2478109780701937,0.15537816052343334,-0.8678466387823517,0.0008760509245535758,-0.07516806587284686,-0.07752100991852144,0.996078431372549,0.2478109780701937,0.15537816052343334,-0.8678466387823517,0.0008760509245535758,-0.07516806587284686,-0.07752100991852144,-1.0,0.007137055784623921,0.29824631860374645,0.898404150188853,0.05518606345497614,0.18896035742495804,0.9024998346667837,0.0,0.0,0.0,0
51,0.784,0.03308712925265169,0.22778707767208303,1.085136284078934,0.9932850786018899,-0.04775329560983049,0.0951822403519271,-0.0452185416264667,0.039971951406276296,-0.03977572893774359,0.14815708032451402,0.6478176046748392,0.1943285999498104,-1.6316131359311432,-0.15455178831679858,2.475886312720468,1.2856780252033737,0.19501181849661997,0.07699580636678949,-0.9338340336201237,0.006670168655760145,-0.12931932462196724,-0.12281512732014936,0.996078431372549,0.19501181849661997,0.07699580636678949,-0.9338340336201237,0.006670168655760145,-0.12931932462196724,-0.12281512732014936,-1.0,0.007137055784623921,0.29824631860374645,0.898404150188853,0.05518606345497614,0.18896035742495804,0.9024998346667837,0.0,0.0,0.0,0
52,0.785,0.037653397189432725,0.22946123515257932,1.0752213048531367,0.9926424267525917,-0.053795844011007676,0.09912589584089232,-0.044057650318736576,0.039975279240467315,-0.03978324218660508,0.15595829310359904,0.6752864659011121,0.1871543995863786,-1.614001899670354,-0.1673506548421006,2.4923526839405046,1.3073617934437394,0.2676106629102838,0.11317227751600978,-0.9338340336201237,4.831982009551039e-05,-0.00597479080452637,-0.16422689180163777,0.996078431372549,0.2676106629102838,0.11317227751600978,-0.9338340336201237,4.831982009551039e-05,-0.00597479080452637,-0.16422689180163777,-1.0,0.007137055784623921,0.29824631860374645,0.898404150188853,0.05518606345497614,0.18896035742495804,0.9024998346667837,0.0,0.0,0.0,0
53,0.816,0.04126811297547667,0.23069057956422012,1.0635842965753606,0.9919290609475716,-0.06177192797577613,0.10208140952897768,-0.04289933321626678,0.039980137544006845,-0.0397887752552342,0.1638538453841202,0.7036694489054541,0.179269583637228,-1.598666902112802,-0.17910438995142658,2.5098535805304856,1.3325079312439416,0.24121108312349693,0.3664075755605509,-0.5819012611520057,4.831982009551039e-05,4.201572315365443e-05,-0.18363865640233545,0.996078431372549,0.24121108312349693,0.3664075755605509,-0.5819012611520057,4.831982009551039e-05,4.201572315365443e-05,-0.18363865640233545,-1.0,0.007137055784623921,0.29824631860374645,0.898404150188853,0.05518606345497614,0.18896035742495804,0.9024998346667837,0.0,0.0,0.0,0
54,0.79,0.04410089533285605,0.23312219675177687,1.0527735320767042,0.991097156710301,-0.07122446664906013,0.10411740582713094,-0.04258012582345133,0.03998931202473544,-0.03978956246010414,0.1722824829150494,0.7304075407222677,0.172837286042978,-1.582743940348421,-0.18885147307281602,2.524195703125363,1.3608934923733016,0.19501181849661997,0.1614075723816366,-0.6258928577105205,4.831982009551039e-05,4.201572315365443e-05,-0.11505042147987028,0.996078431372549,0.19501181849661997,0.1614075723816366,-0.6258928577105205,4.831982009551039e-05,4.201572315365443e-05,-0.11505042147987028,-1.0,0.007137055784623921,0.29824631860374645,0.898404150188853,0.05518606345497614,0.18896035742495804,0.9024998346667837,0.0,0.0,0.0,0
55,0.784,0.04628970817001568,0.23616126849959515,1.0435530184566713,0.9903173777321027,-0.07976456475927846,0.10559762256847566,-0.04193146406291029,0.03999446038026834,-0.03979394333626379,0.18097692884564726,0.7542241818563081,0.16725080977423756,-1.5668699207512675,-0.19841644843002398,2.534082085092455,1.388167972928338,0.04981412966929233,0.19155463167265352,-0.9338340336201237,-0.008228991224485283,-0.1082605017750871,-0.041285715997219086,0.996078431372549,0.04981412966929233,0.19155463167265352,-0.9338340336201237,-0.008228991224485283,-0.1082605017750871,-0.041285715997219086,-1.0,0.007137055784623921,0.29824631860374645,0.898404150188853,0.05518606345497614,0.18896035742495804,0.9024998346667837,0.0,0.0,0.0,0
56,0.796,0.048490538556422234,0.23909725617813335,1.0340200858683004,0.9896572543676316,-0.08477300038315139,0.10830043516980511,-0.04078079236096911,0.03999971408923215,-0.03979778412222862,0.18978332872571535,0.7785677587145643,0.16122519831858192,-1.551580607472235,-0.21021588980332429,2.5470607839546755,1.410090696663217,-0.0029850299042814,0.05890757079217945,-0.7358718491068074,4.831982009551039e-05,4.201572315365443e-05,-0.10728571563959122,0.996078431372549,-0.0029850299042814,0.05890757079217945,-0.7358718491068074,4.831982009551039e-05,4.201572315365443e-05,-0.10728571563959122,-1.0,0.007137055784623921,0.29824631860374645,0.898404150188853,0.05518606345497614,0.18896035742495804,0.9024998346667837,0.0,0.0,0.0,0
57,0.809,0.049367558539673964,0.24132083706035695,1.0237586219081194,0.9891545540691273,-0.08954040587406464,0.10974665554653673,-0.038877441744054865,0.040001028875378174,-0.039804364537809556,0.19822543697990952,0.8008615200021315,0.15479146766448756,-1.540382858708227,-0.22127521096930053,2.5586448845881007,1.4316908271616844,-0.06238408442455179,0.13728992494882308,-0.523245799073986,0.028191177371670206,0.0075630238827537055,-0.11375630383982377,0.996078431372549,-0.06238408442455179,0.13728992494882308,-0.523245799073986,0.028191177371670206,0.0075630238827537055,-0.11375630383982377,-1.0,0.007137055784623921,0.29824631860374645,0.898404150188853,0.05518606345497614,0.18896035742495804,0.9024998346667837,0.0,0.0,0.0,0
58,0.886,0.04893551930188621,0.24373980080932847,1.0152233379719242,0.988628444170427,-0.09610946684331528,0.10932203687169524,-0.03775529121166356,0.040003264842977886,-0.03980657123784179,0.2058605921934266,0.8177876642107391,0.14998518178416514,-1.5327954633870957,-0.22773105006366565,2.5660001733608744,1.4539803547727783,-0.1349829288382156,-0.0013865477898541423,-0.618560924950768,0.014119748595882858,-0.04508403323444665,0.00012604848426930881,0.996078431372549,-0.1349829288382156,-0.0013865477898541423,-0.618560924950768,0.014119748595882858,-0.04508403323444665,0.00012604848426930881,-1.0,0.007137055784623921,0.29824631860374645,0.898404150188853,0.05518606345497614,0.18896035742495804,0.9024998346667837,0.0,0.0,0.0,0
59,0.931,0.04808739261742885,0.2462170691771283,1.0081659491964008,0.9882656096717957,-0.10017670345589624,0.10923085511623346,-0.036936880151397865,0.040003341918547146,-0.0398110544458426,0.21272739946726485,0.8310839616134147,0.14599502017587382,-1.5282056666086061,-0.2333355930418357,2.573660553552173,1.4703129658140004,-0.37257914691929717,-0.0013865477898541423,-0.8971743698213615,4.831982009551039e-05,-0.004470589172606371,-0.08916806867894005,0.996078431372549,-0.37257914691929717,-0.0013865477898541423,-0.8971743698213615,4.831982009551039e-05,-0.004470589172606371,-0.08916806867894005,-1.0,0.007137055784623921,0.29824631860374645,0.898404150188853,0.05518606345497614,0.18896035742495804,0.9024998346667837,0.0,0.0,0.0,0
60,0.982,0.04586579881565918,0.2472868462381372,0.9995325661766702,0.988151952491363,-0.10361273801210258,0.10769394604654617,-0.03495902307081186,0.04000181245419193,-0.03981888848780786,0.21888673834342856,0.8435130314837704,0.14102389299570126,-1.5287064779952229,-0.23869568334229993,2.5816818339382492,1.4852130274758835,-0.37257914691929717,-0.0013865477898541423,-0.8971743698213615,4.831982009551039e-05,-0.027033613651406524,-0.07234453935833537,0.996078431372549,-0.37257914691929717,-0.0013865477898541423,-0.8971743698213615,4.831982009551039e-05,-0.027033613651406524,-0.07234453935833537,-1.0,0.007137055784623921,0.29824631860374645,0.898404150188853,0.05518606345497614,0.18896035742495804,0.9024998346667837,0.0,0.0,0.0,0
61,0.838,0.04279874201299573,0.2477093493606178,0.9896965344057235,0.9879281251919897,-0.1081553743011876,0.10591791191441731,-0.03289119031136737,0.04000249164904425,-0.03982315607239374,0.2249097184797951,0.8558509024455003,0.13532071511184998,-1.5326538606732765,-0.24431352459359432,2.5928972259343483,1.5023792989755025,-0.2603809328254531,-0.0013865477898541423,-0.6038970594312629,4.831982009551039e-05,4.201572315365443e-05,-0.08916806867894005,0.996078431372549,-0.2603809328254531,-0.0013865477898541423,-0.6038970594312629,4.831982009551039e-05,4.201572315365443e-05,-0.08916806867894005,-1.0,0.007137055784623921,0.29824631860374645,0.898404150188853,0.05518606345497614,0.18896035742495804,0.9024998346667837,0.0,0.0,0.0,0
62,0.798,0.03973363819537125,0.24801861133299888,0.9808693923783681,0.9875165504256406,-0.11303910557745828,0.1051282832543892,-0.03132518644278334,0.04000307380511838,-0.039826714788115135,0.2307119786736667,0.8658653317275501,0.12953281174816705,-1.5385993312773907,-0.2499867207918245,2.6059287953121415,1.5205601200745331,-0.5705759953201985,-0.0013865477898541423,-0.6038970594312629,4.831982009551039e-05,4.201572315365443e-05,-0.04516806891735861,0.996078431372549,-0.5705759953201985,-0.0013865477898541423,-0.6038970594312629,4.831982009551039e-05,4.201572315365443e-05,-0.04516806891735861,-1.0,0.007137055784623921,0.29824631860374645,0.898404150188853,0.05518606345497614,0.18896035742495804,0.9024998346667837,0.0,0.0,0.0,0
63,0.8,0.03506734357579768,0.24861563194318995,0.9733999200115762,0.9873368225235423,-0.11710784770096644,0.10291408923887471,-0.029333276872767662,0.040003283052363864,-0.0398303072417485,0.23625956797116368,0.870291289066276,0.1252542150332057,-1.5502179054665075,-0.25508720759172887,2.6156749421133165,1.5375443781413975,-0.5903756801602886,-0.0013865477898541423,-0.6038970594312629,4.831982009551039e-05,-0.013495798964126449,-0.012815127916195823,0.996078431372549,-0.5903756801602886,-0.0013865477898541423,-0.6038970594312629,4.831982009551039e-05,-0.013495798964126449,-0.012815127916195823,-1.0,0.007137055784623921,0.29824631860374645,0.898404150188853,0.05518606345497614,0.18896035742495804,0.9024998346667837,0.0,0.0,0.0,0
64,0.81,0.029110651937523286,0.24951958727394422,0.9668436378100658,0.987397078096115,-0.11923767400630214,0.10042239633128483,-0.027289733965416826,0.0400033473403997,-0.03983379409131777,0.24156792952945422,0.8706152209187551,0.12201575547243242,-1.567200283607071,-0.26080730506112065,2.6262914553370313,1.5521050597027657,-0.5903756801602886,-0.0013865477898541423,-0.6038970594312629,4.831982009551039e-05,-0.013495798964126449,-0.012815127916195823,0.996078431372549,-0.5903756801602886,-0.0013865477898541423,-0.6038970594312629,4.831982009551039e-05,-0.013495798964126449,-0.012815127916195823,-1.0,0.007137055784623921,0.29824631860374645,0.898404150188853,0.05518606345497614,0.18896035742495804,0.9024998346667837,0.0,0.0,0.0,0
65,0.79,0.02278647390956295,0.2502863713008618,0.9603844815605203,0.9874857441723293,-0.12031366696496931,0.09868048208583331,-0.025664938207011476,0.04000297803691856,-0.039838058319704356,0.24658857630846637,0.8698721987832378,0.11876460339001285,-1.5869920493858212,-0.26731749514167424,2.640359266887596,1.565502065915166,-0.5903756801602886,-0.0013865477898541423,-0.6038970594312629,4.831982009551039e-05,-0.013495798964126449,-0.012815127916195823,0.996078431372549,-0.5903756801602886,-0.0013865477898541423,-0.6038970594312629,4.831982009551039e-05,-0.013495798964126449,-0.012815127916195823,-1.0,0.007137055784623921,0.29824631860374645,0.898404150188853,0.05518606345497614,0.18896035742495804,0.9024998346667837,0.0,0.0,0.0,0
66,0.801,0.016185507036930367,0.2507836224773246,0.9537018053053079,0.9875343112694909,-0.12115380377907198,0.09746677727376442,-0.024453368340981607,0.040002692269709914,-0.039842363738186545,0.25138313574333065,0.8689886187743762,0.11526086433024307,-1.6086236380568018,-0.27438418323548697,2.6574714721472223,1.5789248063546761,-0.5903756801602886,-0.0013865477898541423,-0.6038970594312629,4.831982009551039e-05,-0.013495798964126449,-0.012815127916195823,0.996078431372549,-0.5903756801602886,-0.0013865477898541423,-0.6038970594312629,4.831982009551039e-05,-0.013495798964126449,-0.012815127916195823,-1.0,0.007137055784623921,0.29824631860374645,0.898404150188853,0.05518606345497614,0.18896035742495804,0.9024998346667837,0.0,0.0,0.0,0
67,0.788,0.009356258288918066,0.2510500190421587,0.9467842876840292,0.9875395271647656,-0.12191133977010077,0.09667343225061505,-0.023612602980916525,0.04000251543771194,-0.03984655674879549,0.2560586303575034,0.8683003900892687,0.11146695383361478,-1.631438075149079,-0.2820365601399488,2.6770815040552387,1.5926948557549856,-0.4517778862796577,0.04081933521756942,-0.6038970594312629,4.831982009551039e-05,-0.00597479080452637,-0.033521010156940007,0.0,-0.4517778862796577,0.04081933521756942,-0.6038970594312629,4.831982009551039e-05,-0.00597479080452637,-0.033521010156940007,1.0,0.007137055784623921,0.29824631860374645,0.898404150188853,0.05518606345497614,0.18896035742495804,0.9024998346667837,0.0,0.0,0.0,0
68,0.776,0.00296864230919109,0.25119595954912993,0.9394873311771085,0.9873697856309765,-0.12321507123946823,0.09677294237164588,-0.023536148096608114,0.03958321326547883,-0.03942919913240612,0.2607552826562811,0.869758857081832,0.10707290139532302,-1.6526615624372345,-0.2900480603363729,2.699710151460391,1.6077228585526269,-0.3395796721858136,0.06493698265038284,-0.4572584042362139,4.831982009551039e-05,4.201572315365443e-05,-0.05163865711759119,0.0,-0.3395796721858136,0.06493698265038284,-0.4572584042362139,4.831982009551039e-05,4.201572315365443e-05,-0.05163865711759119,1.0,0.007137055784623921,0.29824631860374645,0.898404150188853,0.05518606345497614,0.18896035742495804,0.9024998346667837,0.0,0.0,0.0,0
69,0.799,-0.0025537024072936794,0.2513085416762252,0.9324237870664486,0.9869653662574941,-0.12558375561623775,0.09770577679516443,-0.024117780046761565,0.03744366861747915,-0.037288668853119676,0.265563447796821,0.8728251246793514,0.10214074976051307,-1.670886911046174,-0.29797587705149764,2.7230788038836056,1.624498987982747,-0.31318009239902683,0.07096639450858622,-0.4352626059569564,4.831982009551039e-05,4.201572315365443e-05,-0.07105042171828888,0.0,-0.31318009239902683,0.07096639450858622,-0.4352626059569564,4.831982009551039e-05,4.201572315365443e-05,-0.07105042171828888,1.0,0.007137055784623921,0.29824631860374645,0.898404150188853,0.05518606345497614,0.18896035742495804,0.9024998346667837,0.0,0.0,0.0,0
70,0.783,-0.007450815083941038,0.25136716122044406,0.9259677563337657,0.9863857898007404,-0.12905922709505663,0.0988435902752323,-0.024834134619451532,0.03411597763771454,-0.03390480969653673,0.27055659843248253,0.8763633249184647,0.09685959090014315,-1.6866136199875204,-0.30558596759330475,2.74487450480763,1.6430048653378968,-0.2603809328254531,-0.0013865477898541423,-0.24463235420339247,4.831982009551039e-05,4.201572315365443e-05,-0.07234453935833537,0.0,-0.2603809328254531,-0.0013865477898541423,-0.24463235420339247,4.831982009551039e-05,4.201572315365443e-05,-0.07234453935833537,1.0,0.007137055784623921,0.29824631860374645,0.898404150188853,0.05421899265855133,0.18881925119374918,0.9085110755163347,0.0,0.0,0.0,0
71,0.794,-0.011843545302503204,0.25115221387366576,0.9208122279545523,0.9856955866734425,-0.1332664589307882,0.10003515651598692,-0.025243391162181522,0.030011669603603807,-0.029816519421337277,0.2755977546649596,0.8780762732674361,0.09123080746233071,-1.7013662456040328,-0.31290246462901306,2.7636655754040125,1.6623456258565352,-0.2603809328254531,-0.0013865477898541423,-0.24463235420339247,0.01163655528250862,4.201572315365443e-05,-0.05163865711759119,0.0,-0.2603809328254531,-0.0013865477898541423,-0.24463235420339247,0.01163655528250862,4.201572315365443e-05,-0.05163865711759119,1.0,0.007135547523422003,0.2982480467975564,0.8985936507323783,0.053169196983268094,0.1886049635070728,0.9123201422912915,3.09368253330449,0.0,0.0,2
72,0.795,-0.015915322272082196,0.2509707361431508,0.9170197874698752,0.9850254529199134,-0.13721805690771438,0.1011749850324401,-0.025684321327899905,0.025503535763434414,-0.025321334156984572,0.28036532467046715,0.8777958181426602,0.08608251907118587,-1.7158062472144442,-0.3192783996798444,2.7801303981117997,1.6801025826457843,-0.1745822985183958,-0.0013865477898541423,-0.0026785731315612793,4.831982009551039e-05,4.201572315365443e-05,-0.07234453935833537,0.0,-0.1745822985183958,-0.0013865477898541423,-0.0026785731315612793,4.831982009551039e-05,4.201572315365443e-05,-0.07234453935833537,1.0,0.007235375992850741,0.2982978179637891,0.8992850106541147,0.053809308597227955,0.1882382422540039,0.9100033490405531,7.7636773577144,0.0,0.0,2
73,0.941,-0.019204022139258647,0.25038136112986864,0.9150922453956709,0.9842806362598199,-0.14131930284790428,0.10267018350161392,-0.026063713209938832,0.02076664548556481,-0.020673726663100356,0.2846243035070265,0.8744488582046643,0.08081020388929945,-1.7299689137027385,-0.32455704255269124,2.7939199664948484,1.6965275830700624,-0.08878366421133865,-0.0013865477898541423,0.0706407544659633,4.831982009551039e-05,4.201572315365443e-05,-0.06587395115810282,0.0,-0.08878366421133865,-0.0013865477898541423,0.0706407544659633,4.831982009551039e-05,4.201572315365443e-05,-0.06587395115810282,1.0,0.007263626824058423,0.29831668277832185,0.9006375037545498,0.05509724528802523,0.18766903146004363,0.9018620576086299,8.189543072544748,0.0,0.0,4
74,0.932,-0.021479416569363235,0.2500989148866035,0.9151194606999566,0.9834179303863012,-0.14562739260847424,0.10470698388517029,-0.02680082540615164,0.015936367715743492,-0.017402877679912488,0.2886736602466861,0.8689677069842446,0.07613694289931601,-1.7423329852026357,-0.3286633286339635,2.8050640634535613,1.7120380191233375,-0.0029850299042814,0.1071428656578064,0.0706407544659633,-0.020644957791356486,4.201572315365443e-05,-0.04646218655740514,0.0,-0.0029850299042814,0.1071428656578064,0.0706407544659633,-0.020644957791356486,4.201572315365443e-05,-0.04646218655740514,1.0,0.0063814406225777475,0.2975271070189407,0.9033901127316357,0.0550763746019388,0.18767991142370802,0.9022298428129405,9.432419716967123,0.0,0.0,7
75,0.828,-0.02279699688004287,0.25058094410823545,0.9157055578177907,0.9826222931995766,-0.14907394827410714,0.10707205563279476,-0.027676014086943306,0.011040550381499264,-0.014417094076060176,0.2930141583403197,0.8648492299014129,0.07208648377286339,-1.7503419723799263,-0.3327682397617871,2.813816541205133,1.7259018455160862,-0.0029850299042814,0.15537816052343334,0.0339810906672009,-0.014023108955691851,-0.049596638130206705,-0.14222689192084706,0.0,-0.0029850299042814,0.15537816052343334,0.0339810906672009,-0.014023108955691851,-0.049596638130206705,-0.14222689192084706,1.0,0.005264188570672542,0.29604372784563526,0.9030692964512915,0.05506565989281187,0.1876849072645228,0.9024266116587809,8.436083191956333,0.0,0.0,5
76,0.786,-0.022601609594109714,0.2510100025989929,0.9166266558747959,0.9814595781381719,-0.154190134129496,0.11027948059417493,-0.02830079818392387,0.006819459114753993,-0.011482383715007843,0.29813930835320446,0.8627474785495878,0.06667561557413629,-1.7531581556459255,-0.3375185912043337,2.820504976139577,1.7437318012567513,0.17521213365652988,0.04081933521756942,0.2392752079402698,-0.0280945377314792,4.201572315365443e-05,-0.06457983351805631,0.0,0.17521213365652988,0.04081933521756942,0.2392752079402698,-0.0280945377314792,4.201572315365443e-05,-0.06457983351805631,1.0,0.005307454629958768,0.29414533813757954,0.9030244921244363,0.05506269241576501,0.1876862895730464,0.9024799122871107,6.352983697289482,0.0,0.0,4
77,0.788,-0.021950506960057695,0.2516254727530626,0.9180646069625713,0.9802472986268735,-0.1595721170843104,0.11339758957157625,-0.02815953947249606,0.004772004776992106,-0.008954492448806412,0.3038721276600377,0.8604510794977173,0.06115730426471969,-1.7537590392796496,-0.343112637208634,2.8233987749573575,1.7625533014546284,0.17521213365652988,0.04081933521756942,0.4372373924535864,-0.023955882209188803,0.058705879368034064,-0.06457983351805631,0.0,0.17521213365652988,0.04081933521756942,0.4372373924535864,-0.023955882209188803,0.058705879368034064,-0.06457983351805631,1.0,0.0057169422298999255,0.2922721574204885,0.9030380705415831,0.05506188748969192,0.1876866640885051,0.902494411676253,6.726289011577485,0.0,0.0,3
78,0.8,-0.021960176157782493,0.2527791679444313,0.9206556637403107,0.9794136903222718,-0.1638696757859352,0.1147201580955241,-0.02710789356733801,0.004192110889106925,-0.007097794606436456,0.3089788181796976,0.854848842585209,0.05809730173552701,-1.7552020516429219,-0.34663610853948357,2.8194285433628985,1.7776664880662298,0.13561276397634958,-0.0013865477898541423,0.31259453553779437,4.831982009551039e-05,0.04215966141691396,-0.11634453911991681,0.0,0.13561276397634958,-0.0013865477898541423,0.31259453553779437,4.831982009551039e-05,0.04215966141691396,-0.11634453911991681,1.0,0.005583717425573766,0.29159789145406373,0.9027830167953437,0.05506167034142731,0.18768676499299025,0.9024983583270896,5.725320405285732,0.0,0.0,3
79,0.805,-0.02200945774708618,0.2537228265755079,0.9238685989998462,0.9784729050604773,-0.1696843150845626,0.1145870428778279,-0.025842153186362807,0.004088331682350564,-0.0057842920226936585,0.3128283674708492,0.8480542789156815,0.05649493319875745,-1.7560901609260477,-0.34647256803218557,2.811062961785183,1.7918124246636415,0.168612238709833,-0.0013865477898541423,0.5178886528108635,-0.05044327755184735,0.08277310547875422,-0.13057983316042845,0.0,0.168612238709833,-0.0013865477898541423,0.5178886528108635,-0.05044327755184735,0.08277310547875422,-0.13057983316042845,1.0,0.0055113130188715045,0.2909579121316843,0.9046779282384595,0.05506161184928652,0.18768679213746348,0.902499432735262,6.151097480288473,0.0,0.0,4
80,0.786,-0.0218140257733832,0.2535978425932249,0.9277733647672997,0.9773822808979662,-0.17692806904556557,0.11346248078458077,-0.023379495818004463,0.0040602952009754735,-0.005142629048816794,0.3157040702859279,0.8394088980207521,0.05488726216779245,-1.7565911506083651,-0.3447332252539725,2.7972343988514274,1.8057727016379412,0.22801129323010338,-0.03756301893907432,0.7598424338826946,-0.024783613313646882,0.06171428263187406,-0.14222689192084706,0.0,0.22801129323010338,-0.03756301893907432,0.7598424338826946,-0.024783613313646882,0.06171428263187406,-0.14222689192084706,1.0,0.005980809252864521,0.2898249773935879,0.9076225583439455,0.055061596100084084,0.1876867994366096,0.9024997252388133,6.241138071002664,0.0,0.0,5
81,0.801,-0.020978167134572078,0.25326477202009084,0.9343626033104098,0.9761094353866875,-0.18487522759900127,0.1123055025052148,-0.02046935456603228,0.004039363437417842,-0.004780628079270546,0.3177022344984801,0.8258669361167806,0.05423097701833274,-1.7570815422466712,-0.3416420950068024,2.778009979706353,1.8190614704796886,0.19501181849661997,-0.0013865477898541423,0.5985399131681404,-0.05127100865630543,0.06321848426379406,-0.10857983327963774,0.0,0.19501181849661997,-0.0013865477898541423,0.5985399131681404,-0.05127100865630543,0.06321848426379406,-0.10857983327963774,1.0,0.007193394878606012,0.28858583864684106,0.9134545094632952,0.05506159186003537,0.18768680139914032,0.9024998048738674,6.016614637342848,0.0,0.0,5
82,0.785,-0.019803117042760283,0.25296010003026054,0.9418711129946449,0.9749099276718904,-0.19217093626974374,0.11100223505353617,-0.01730514354512206,0.004012809408172143,-0.004546284460029679,0.3189797072259233,0.8116852463787246,0.05444733787574811,-1.7560700475770978,-0.3383058464255428,2.7559165616749812,1.8300020528894603,0.2874103477503739,-0.0013865477898541423,0.7598424338826946,-0.013195377851233772,0.06321848426379406,-0.18363865640233545,0.0,0.2874103477503739,-0.0013865477898541423,0.7598424338826946,-0.013195377851233772,0.06321848426379406,-0.18363865640233545,1.0,0.008725593350657937,0.2875085302138005,0.9203412110675168,0.05506159071855046,0.18768680192679674,0.9024998265552041,5.957685369141176,0.0,0.0,5
83,0.783,-0.018003251373539732,0.25273186596875885,0.9498508248123638,0.9733931703274522,-0.20066734480878162,0.10966142513143827,-0.014585078861851515,0.003984210450116487,-0.004362792113148336,0.31947598012029216,0.7980749317631596,0.055389558071094025,-1.7523931607115797,-0.3334672884048587,2.7322423442126347,1.8418141307194489,0.2874103477503739,-0.03756301893907432,0.7011869718046748,4.831982009551039e-05,0.15046217891515473,-0.09693277451921911,0.0,0.2874103477503739,-0.03756301893907432,0.7011869718046748,4.831982009551039e-05,0.15046217891515473,-0.09693277451921911,1.0,0.01097220604006068,0.2865190015449326,0.9278353313474186,0.05506159041124783,0.1876868020686653,0.9024998324582437,6.02880453614167,0.0,0.0,5
84,0.799,-0.017174699753413,0.2535998446547652,0.9574214537616462,0.972106813617071,-0.20887086041846403,0.1059480745053262,-0.012502483590412235,0.0039537080377169374,-0.004232267955742142,0.3185881652563144,0.7853896712070669,0.060022175892836954,-1.7478616679241148,-0.32415697998570187,2.705253812716617,1.8492229766634567,0.35340929721734093,-0.2666806695508022,0.8844852907984864,4.831982009551039e-05,0.10232772669371437,-0.18363865640233545,0.0,0.35340929721734093,-0.2666806695508022,0.8844852907984864,4.831982009551039e-05,0.10232772669371437,-0.18363865640233545,1.0,0.012135146381526192,0.28675176500078664,0.9349464466578238,0.05506159032851805,0.18768680210680916,0.9024998340654546,6.117782053766547,0.0,0.0,5
85,0.808,-0.01543458063830224,0.25270477478970144,0.966189072909023,0.9705824649408789,-0.21805540572777377,0.10159244813972058,-0.010024632819225526,0.003916083467771437,-0.004162333352563714,0.31547088558708225,0.7710681924324785,0.0639344473720413,-1.7417168975157167,-0.31156898543061423,2.674316490480525,1.8533395278427378,0.35340929721734093,-0.2666806695508022,0.7451785683631897,4.831982009551039e-05,0.13391596096403457,-0.18363865640233545,0.0,0.35340929721734093,-0.2666806695508022,0.7451785683631897,4.831982009551039e-05,0.13391596096403457,-0.18363865640233545,1.0,0.014258833484421739,0.2852144479096691,0.9432661524060353,0.05506159030624612,0.18768680211706493,0.902499834503055,6.191286428215484,0.0,0.0,5
86,0.791,-0.012980478279867425,0.2502367577729758,0.9754597173262158,0.9686628476742958,-0.22868776383418238,0.0966368906509065,-0.007450206263480481,0.0038817083593478486,-0.00410768297781982,0.31062471031238903,0.7570429618304391,0.06723993979903847,-1.733753241825124,-0.29624721629491185,2.64108093756955,1.8557032254686883,0.35340929721734093,-0.2666806695508022,0.7451785683631897,4.831982009551039e-05,0.06321848426379406,-0.18363865640233545,0.0,0.35340929721734093,-0.2666806695508022,0.7451785683631897,4.831982009551039e-05,0.06321848426379406,-0.18363865640233545,1.0,0.01716339097017964,0.282033847148937,0.9521076754635645,0.05506159030025022,0.1876868021198224,0.9024998346222037,6.352213513031839,0.0,0.0,5
87,0.903,-0.009421668320074468,0.2469974718838033,0.9848686151250612,0.9665536472185238,-0.23920504954271088,0.09233359204832178,-0.005431307512115895,0.0038519120638293805,-0.004062828366567808,0.30480126750466446,0.74491426975978,0.0695551245044999,-1.7225449577100518,-0.281093482002457,2.6088304332113945,1.8565788205644749,0.35340929721734093,-0.2666806695508022,0.7451785683631897,4.831982009551039e-05,0.06321848426379406,-0.1577563036014052,0.0,0.35340929721734093,-0.2666806695508022,0.7451785683631897,4.831982009551039e-05,0.06321848426379406,-0.1577563036014052,1.0,0.02118324098348434,0.2781081755369135,0.9611736478867426,0.05506159029863606,0.1876868021205638,0.9024998346546458,6.546126160722808,0.0,0.0,5
88,0.947,-0.0052705637000081025,0.24343835770234004,0.994577494452945,0.9644471443606921,-0.24884726814701652,0.08889670615489959,-0.0037574599241933376,0.003826464354041665,-0.00402329470246156,0.29861968326548727,0.733730574678304,0.07133485001320986,-1.7096893710556755,-0.2675535391326634,2.577681327124216,1.856551838066769,0.35340929721734093,-0.6224159691848007,0.01931722514769607,0.0215693285360056,4.201572315365443e-05,-0.11634453911991681,0.0,0.35340929721734093,-0.6224159691848007,0.01931722514769607,0.0215693285360056,4.201572315365443e-05,-0.11634453911991681,1.0,0.025770652309784117,0.27391621699822405,0.9706078796613007,0.055061590298201506,0.18768680212076314,0.9024998346634795,6.739066988833487,0.0,0.0,5
89,0.852,-0.000416117178470371,0.23833896404264798,1.0007463477890148,0.962479313971812,-0.257262306546457,0.08628405301600543,-0.0021766951731048458,0.003801267153543228,-0.0039922775519213695,0.29160408189180925,0.7306502305626987,0.07060140337569717,-1.6945898865768025,-0.25653132000848966,2.5543167683958625,1.8543776562944194,0.5646059355116358,-0.4053571422894796,0.4885609217718534,4.831982009551039e-05,0.031630249993473886,-0.11893277440000984,0.0,0.5646059355116358,-0.4053571422894796,0.4885609217718534,4.831982009551039e-05,0.031630249993473886,-0.11893277440000984,1.0,0.031006453259221214,0.26825018284964386,0.976540965124717,0.05506159029808452,0.18768680212081673,0.9024998346658848,6.882474881536478,0.0,0.0,5
90,0.803,0.005582744644701505,0.23240642452055144,1.0051844775924952,0.9605849210306622,-0.26458921582656375,0.08524544399890246,-0.0015396864060631746,0.003783875273254137,-0.003959801342502776,0.2839390230361668,0.731980107151899,0.068555658315944,-1.6772501195499832,-0.2469980993091591,2.537105106808535,1.8502549401463344,0.3996085618442181,-0.5199159675953435,0.5545483166096259,4.831982009551039e-05,0.09480671853411432,-0.12152100968010286,0.0,0.3996085618442181,-0.5199159675953435,0.5545483166096259,4.831982009551039e-05,0.09480671853411432,-0.12152100968010286,1.0,0.03738569684150713,0.2618364456386959,0.9808768259667101,0.05506159029805304,0.18768680212083108,0.9024998346665397,6.977135573804115,0.0,0.0,5
91,0.791,0.010549674866551033,0.2263826142999255,1.0107065600283296,0.9588263825213715,-0.27178217335020616,0.08237968524027987,-7.674457635334017e-05,0.003764562062237911,-0.003934304472716835,0.27585204152198944,0.7301834158635725,0.06759749070703235,-1.6611985381701702,-0.2358010583039225,2.5136623895297334,1.8446714027630706,0.35340929721734093,-0.6344747929012075,0.2759348717390322,4.831982009551039e-05,4.201572315365443e-05,-0.10857983327963774,0.0,0.35340929721734093,-0.6344747929012075,0.2759348717390322,4.831982009551039e-05,4.201572315365443e-05,-0.10857983327963774,1.0,0.042632689796249464,0.2553216105176324,0.9861521291386022,0.05506159029804456,0.18768680212083494,0.9024998346667182,7.058749821784063,0.0,0.0,5
92,0.803,0.015592859514635422,0.2192019202498716,1.0163194221706822,0.9570466450963573,-0.27876446329777493,0.07967997110660459,0.001787544841244243,0.0037478051218680906,-0.003910159662943976,0.26724379142590576,0.7283576210715119,0.06533502622559355,-1.645395718387761,-0.225514281868856,2.490877137612501,1.8381571607166287,0.35340929721734093,-0.6344747929012075,0.048644956186705945,0.02488025295383789,4.201572315365443e-05,-0.10857983327963774,0.0,0.35340929721734093,-0.6344747929012075,0.048644956186705945,0.02488025295383789,4.201572315365443e-05,-0.10857983327963774,1.0,0.04793444030562394,0.24763338804633825,0.9914922695910423,0.05506159029804227,0.18768680212083597,0.9024998346667666,7.108211635466863,0.0,0.0,5
93,0.802,0.02097079547363849,0.21157010095129267,1.0198164553985078,0.9552329896032835,-0.2853585158499675,0.0780579432815198,0.0027222226460756546,0.0037328312097394045,-0.00388644013618751,0.2584019262196198,0.7307194498865763,0.06213647164716443,-1.6296896228075157,-0.21614307085150306,2.4752066552332885,1.8315167069994116,0.35340929721734093,-0.6344747929012075,0.0339810906672009,0.015775210804799003,4.201572315365443e-05,-0.10857983327963774,0.0,0.35340929721734093,-0.6344747929012075,0.0339810906672009,0.015775210804799003,4.201572315365443e-05,-0.10857983327963774,1.0,0.05359768342871063,0.23954636540452542,0.9948331692808992,0.055061590298041654,0.18768680212083616,0.9024998346667797,7.135228784395284,0.0,0.0,5
94,0.794,0.026202755147223512,0.2036626164683603,1.0214614770545347,0.9533689115470219,-0.2918846259350926,0.07669153129251195,0.0030810171026157684,0.003718085959405576,-0.003864990250540775,0.24939985231444065,0.7358475578219964,0.05840982281116188,-1.614727647845152,-0.20697882196361878,2.4641318925792786,1.8249800651991903,0.35340929721734093,-0.5681512624609704,-0.3472794128399269,0.019086135222631334,-0.018008403859886446,-0.10340336271945168,0.0,0.35340929721734093,-0.5681512624609704,-0.3472794128399269,0.019086135222631334,-0.018008403859886446,-0.10340336271945168,1.0,0.059121942955155084,0.23121338194787874,0.9963761552480723,0.055061590298041474,0.18768680212083616,0.9024998346667834,7.150454489856583,0.0,0.0,5
95,0.777,0.03147645030212297,0.19581544870090267,1.0204447445941636,0.9515114531200746,-0.29806808020531356,0.07598352381210685,0.002806822605145646,0.0037053307280020963,-0.003843320189402376,0.24060824362852248,0.7460328594752503,0.05423353263682946,-1.599523642630153,-0.19883485201657392,2.45969548455632,1.819082212397254,0.35340929721734093,-0.5681512624609704,-0.22263655592413512,0.019086135222631334,-0.04809243649828668,-0.10987395091968424,0.0,0.35340929721734093,-0.5681512624609704,-0.22263655592413512,0.019086135222631334,-0.04809243649828668,-0.10987395091968424,1.0,0.06469942338486803,0.2229822680371082,0.9953327211709893,0.055061590298041474,0.18768680212083616,0.9024998346667837,7.153517152088211,0.0,0.0,5
96,0.781,0.036988388168300634,0.18801890997019244,1.0179217902352151,0.9495127515493778,-0.3042450022133674,0.0765269529095345,0.0020343922183451053,0.003692960284456447,-0.0038222790806760856,0.2322491244719435,0.758831142915772,0.04944109506140333,-1.5843025948186145,-0.19232890578572157,2.4603571308365924,1.815018512858066,0.35340929721734093,-0.544033615028157,-0.22263655592413512,0.05798949713216109,-0.12179831646236719,-0.12540336260024237,0.0,0.35340929721734093,-0.544033615028157,-0.22263655592413512,0.05798949713216109,-0.12179831646236719,-0.12540336260024237,1.0,0.07057614023263241,0.21480558230736846,0.9928782034442143,0.055061590298041474,0.18768680212083616,0.9024998346667837,7.151683523377135,0.0,0.0,5
97,0.801,0.04312349999241963,0.18075400519579635,1.0162582574703811,0.9470912707111713,-0.3110312410944206,0.07923129577870748,-0.0003062273486945065,0.003683095004661155,-0.003799256934291944,0.2243128154640576,0.770827922141553,0.04461882248689005,-1.5696799031122837,-0.18633776336143557,2.4661674474912303,1.8135936775439745,-0.0029850299042814,-0.3571218474238527,-0.6332247904702729,4.831982009551039e-05,-0.015000000596046448,-0.003756304435870217,0.0,-0.0029850299042814,-0.3571218474238527,-0.6332247904702729,4.831982009551039e-05,-0.015000000596046448,-0.003756304435870217,1.0,0.07722506489573697,0.20715718784707585,0.9915014082577279,0.055061590298041474,0.18768680212083616,0.9024998346667837,7.132138424869102,0.0,0.0,5
98,0.787,0.04648306922826685,0.17488590894534753,1.0116799208845093,0.9458272377113128,-0.31479622115628264,0.07945082671966672,-0.0013197282572506089,0.0036691315939835377,-0.0037819723778239104,0.21743131131311338,0.7837821531985515,0.04190874944325549,-1.5605985535427036,-0.18172535425753664,2.471940409578608,1.8091129199034532,-0.0029850299042814,-0.23050419840158198,-0.809191176704332,4.831982009551039e-05,-0.03154621854716658,-0.00893277499605627,0.0,-0.0029850299042814,-0.23050419840158198,-0.809191176704332,4.831982009551039e-05,-0.03154621854716658,-0.00893277499605627,1.0,0.08079886582178403,0.20108230101342509,0.9869831877969086,0.055061590298041474,0.18768680212083616,0.9024998346667837,7.137333074152544,0.0,0.0,5
99,0.807,0.04795099996008325,0.1704515862291435,1.0037787848079662,0.9456721591815421,-0.3154869614256043,0.07855164844487522,-0.0013353074368380735,0.0036597608202149105,-0.0037622969294922705,0.21186245699826675,0.7999532919039077,0.04042005563248849,-1.5543745376790747,-0.1799248356239661,2.48120681196752,1.803218103112874,-0.08878366421133865,-0.03756301893907432,-0.9338340336201237,4.831982009551039e-05,-0.10525209851124707,-0.003756304435870217,0.0,-0.08878366421133865,-0.03756301893907432,-0.9338340336201237,4.831982009551039e-05,-0.10525209851124707,-0.003756304435870217,1.0,0.08223632514088887,0.19661310048857095,0.9789966794770502,0.055061590298041474,0.18768680212083616,0.9024998346667837,7.11510923440562,0.0,0.0,5
100,0.83,0.049441402405557146,0.1675564679029159,0.9943642991582415,0.9455952284178795,-0.3154127214952893,0.07974280695475446,-0.0023587817297378855,0.00365211765521864,-0.0037406116968246987,0.2079264557587277,0.818921625884088,0.03922686011533645,-1.5488585254184524,-0.18148714251910522,2.498395886349514,1.8007600853855803,-0.3659792519726005,-0.1340336086703282,-0.8385189077433417,4.831982009551039e-05,-0.10224369524740703,0.00012604848426930881,0.0,-0.3659792519726005,-0.1340336086703282,-0.8385189077433417,4.831982009551039e-05,-0.10224369524740703,0.00012604848426930881,1.0,0.08376491168313634,0.1937478866556602,0.9696648216988579,0.055061590298041474,0.18768680212083616,0.9024998346667837,7.097261157006571,0.0,0.0,5
101,0.947,0.04923501380969817,0.16540076619235777,0.984884282607502,0.945598639861417,-0.31508934379903625,0.08096810290507009,-0.002466582348881398,0.0036396040632533555,-0.003724465497662699,0.20559297830248002,0.8342546648121941,0.03796302849228612,-1.549582095846821,-0.18622269690986032,2.5165172778060843,1.8021956857740427,-0.4253783064928709,-0.03756301893907432,-0.904506302581114,4.831982009551039e-05,-0.10224369524740703,0.00012604848426930881,0.0,-0.4253783064928709,-0.03756301893907432,-0.904506302581114,4.831982009551039e-05,-0.10224369524740703,0.00012604848426930881,1.0,0.08358145663353335,0.19159423701053235,0.9602029660755792,0.055061590298041474,0.18768680212083616,0.9024998346667837,7.087548899684925,0.0,0.0,5
102,0.911,0.047280485144725715,0.1639543421567387,0.975757276384066,0.9456464750313633,-0.31466642007197515,0.08205504747444592,-0.0021811748691268618,0.003629792636823173,-0.003706831695641208,0.20455164394335218,0.8455153535621394,0.03682314481933905,-1.5569984902806782,-0.1928678567198159,2.536585262356015,1.806759780948888,-0.352779462079207,-0.14609243238673486,-0.809191176704332,4.831982009551039e-05,-0.07817646913668688,0.00012604848426930881,0.0,-0.352779462079207,-0.14609243238673486,-0.809191176704332,4.831982009551039e-05,-0.07817646913668688,0.00012604848426930881,1.0,0.0816307337434529,0.1901348503258499,0.9510564217675023,0.055061590298041474,0.18768680212083616,0.9024998346667837,7.058814151275641,0.0,0.0,5
103,0.958,0.044551908458295195,0.16261408707313935,0.9665006004095646,0.945573851617522,-0.31441742783903526,0.08383023918213159,-0.0020647534852759122,0.0036186650386481342,-0.0036907984402737913,0.2042963392456272,0.855212482521403,0.03487260595185815,-1.5683632515097974,-0.20085661785474054,2.5602688796004163,1.8136640723519704,-0.34617956713251036,-0.049621842655481085,-0.8018592439445795,4.831982009551039e-05,-0.09171428382396699,0.00012604848426930881,0.0,-0.34617956713251036,-0.049621842655481085,-0.8018592439445795,4.831982009551039e-05,-0.09171428382396699,0.00012604848426930881,1.0,0.07895413482810915,0.1887672249461962,0.9418259065590023,0.055061590298041474,0.18768680212083616,0.9024998346667837,7.032206124239945,0.0,0.0,5
104,0.81,0.04160184182219952,0.16140484116244572,0.9573564331593041,0.9454040978016003,-0.3141882669874719,0.08654512733563388,-0.0026010924260344605,0.0036092191087513568,-0.0036730523768473086,0.20461193949379863,0.8642885569121935,0.03229758368127354,-1.5817051853990136,-0.20952399158760937,2.58766462292849,1.8218649474225825,-0.4253783064928709,-0.0013865477898541423,-0.8311869749835893,4.831982009551039e-05,-0.09472268708780701,0.00012604848426930881,0.0,-0.4253783064928709,-0.0013865477898541423,-0.8311869749835893,4.831982009551039e-05,-0.09472268708780701,0.00012604848426930881,1.0,0.07610944749642945,0.18754369618179925,0.9327996275985542,0.055061590298041474,0.18768680212083616,0.9024998346667837,7.003612452588651,0.0,0.0,5
105,0.81,0.03804222732716344,0.16069903863388352,0.9479673199527191,0.9452254964552744,-0.31383746741343044,0.08967638488189998,-0.0035987349049803018,0.0035989483477086408,-0.003656205970555388,0.20577650658249577,0.873085713090087,0.02942965290251689,-1.5971690741364197,-0.21919286618411926,2.6179276332122896,1.831843552611096,-0.0029850299042814,-0.1822689035359551,-0.4279306731972039,4.831982009551039e-05,0.09931932342987437,0.00012604848426930881,0.0,-0.0029850299042814,-0.1822689035359551,-0.4279306731972039,4.831982009551039e-05,0.09931932342987437,0.00012604848426930881,1.0,0.07267666963828562,0.18684883471417424,0.9235811108665183,0.055061590298041474,0.18768680212083616,0.9024998346667837,6.980935942162949,0.0,0.0,5
106,0.796,0.033723938624727445,0.15983010511308926,0.9385591267290412,0.9450810614674986,-0.3138833027946339,0.09100314761370501,-0.004181699008171495,0.0035874920633882424,-0.0036408038035140628,0.2066960998814999,0.8815616176732404,0.026821336826792004,-1.6122600916810272,-0.22617775265900908,2.6438867493670766,1.840179735238835,-0.0029850299042814,0.016701687784755892,-0.22996848868388753,4.831982009551039e-05,4.201572315365443e-05,0.00012604848426930881,0.0,-0.0029850299042814,0.016701687784755892,-0.22996848868388753,4.831982009551039e-05,4.201572315365443e-05,0.00012604848426930881,1.0,0.06841735084688798,0.18597749239261924,0.9142291627249319,0.055061590298041474,0.18768680212083616,0.9024998346667837,6.95791842128314,0.0,0.0,5
