desc_acc_grip,desc_acc_height,success,steps,queries,infer_s_per_query,infer_s_per_step,sim_s_per_step,suite,model,task_id,trial,instruction,objects,wall_s
0.972972972972973,0.9054054054054054,True,74,19,0.9259878961663497,0.23775364901568438,0.039035135135135145,libero_spatial,local,0,0,pick up the black bowl between the plate and the ramekin and place it on the plate,akita_black_bowl_1 plate_1,23.3
0.9466666666666667,0.9066666666666666,True,75,19,0.1077277283919485,0.027291024525960286,0.03932133333333332,libero_spatial,local,0,1,pick up the black bowl between the plate and the ramekin and place it on the plate,akita_black_bowl_1 plate_1,7.8
0.25,0.7681818181818182,False,220,55,0.10768800648775968,0.02692200162193992,0.03561227272727269,libero_spatial,local,0,2,pick up the black bowl between the plate and the ramekin and place it on the plate,akita_black_bowl_1 plate_1,17.7
0.9669421487603306,0.8429752066115702,True,121,31,0.10800512375370148,0.027670734184832613,0.03877851239669423,libero_spatial,local,1,0,pick up the black bowl next to the ramekin and place it on the plate,akita_black_bowl_1 plate_1,11.0
0.9491525423728814,0.8983050847457628,True,118,30,0.10756768385569254,0.027347716234498106,0.039144915254237286,libero_spatial,local,1,1,pick up the black bowl next to the ramekin and place it on the plate,akita_black_bowl_1 plate_1,10.9
0.940677966101695,0.8559322033898306,True,118,30,0.10802821318308513,0.027464799961801303,0.041127966101694925,libero_spatial,local,1,2,pick up the black bowl next to the ramekin and place it on the plate,akita_black_bowl_1 plate_1,11.1
0.36818181818181817,0.8181818181818182,False,220,55,0.11184414950284091,0.027961037375710228,0.03793000000000001,libero_spatial,local,2,0,pick up the black bowl from table center and place it on the plate,akita_black_bowl_1 plate_1,18.4
0.9809523809523809,0.8761904761904762,True,105,27,0.10771899753146702,0.027699170793805804,0.03965238095238095,libero_spatial,local,2,1,pick up the black bowl from table center and place it on the plate,akita_black_bowl_1 plate_1,10.1
0.9636363636363636,0.8909090909090909,True,110,28,0.10731897183826991,0.027317556467923252,0.038940909090909075,libero_spatial,local,2,2,pick up the black bowl from table center and place it on the plate,akita_black_bowl_1 plate_1,10.3
0.9310344827586207,0.9195402298850575,True,87,22,0.1086304404518821,0.027469766551050646,0.03945287356321838,libero_spatial,local,3,0,pick up the black bowl on the cookie box and place it on the plate,akita_black_bowl_1 plate_1,8.6
0.9409090909090909,0.7318181818181818,False,220,55,0.10768048546530984,0.02692012136632746,0.03977272727272727,libero_spatial,local,3,1,pick up the black bowl on the cookie box and place it on the plate,akita_black_bowl_1 plate_1,18.6
0.8571428571428571,0.8823529411764706,True,119,30,0.10781966050465902,0.027181427017981263,0.04097226890756302,libero_spatial,local,3,2,pick up the black bowl on the cookie box and place it on the plate,akita_black_bowl_1 plate_1,11.3
0.8090909090909091,0.9409090909090909,False,220,55,0.10714006423950195,0.02678501605987549,0.041673636363636385,libero_spatial,local,4,0,pick up the black bowl in the top drawer of the wooden cabinet and place it on the plate,akita_black_bowl_1 plate_1,19.0
0.8636363636363636,0.9681818181818181,False,220,55,0.10791752988641912,0.02697938247160478,0.04225909090909092,libero_spatial,local,4,1,pick up the black bowl in the top drawer of the wooden cabinet and place it on the plate,akita_black_bowl_1 plate_1,19.2
0.740909090909091,0.6590909090909091,False,220,55,0.10756733634255149,0.02689183408563787,0.04150863636363635,libero_spatial,local,4,2,pick up the black bowl in the top drawer of the wooden cabinet and place it on the plate,akita_black_bowl_1 plate_1,19.0
0.9375,0.7708333333333334,True,96,24,0.1081317663192749,0.027032941579818726,0.04362604166666667,libero_spatial,local,5,0,pick up the black bowl on the ramekin and place it on the plate,akita_black_bowl_1 plate_1,9.7
0.9444444444444444,0.9111111111111111,True,90,23,0.10764819642771846,0.02751009464263916,0.040786666666666666,libero_spatial,local,5,1,pick up the black bowl on the ramekin and place it on the plate,akita_black_bowl_1 plate_1,9.1
0.7757009345794392,0.8317757009345794,True,107,27,0.10778405048229077,0.027197844514222903,0.04254392523364484,libero_spatial,local,5,2,pick up the black bowl on the ramekin and place it on the plate,akita_black_bowl_1 plate_1,10.5
0.4772727272727273,0.8227272727272728,False,220,55,0.10768112269314853,0.026920280673287132,0.03679454545454546,libero_spatial,local,6,0,pick up the black bowl next to the cookie box and place it on the plate,akita_black_bowl_1 plate_1,18.0
0.8627450980392157,0.9019607843137255,True,102,26,0.10801465694720928,0.02753314784928864,0.03805392156862745,libero_spatial,local,6,1,pick up the black bowl next to the cookie box and place it on the plate,akita_black_bowl_1 plate_1,9.7
0.970873786407767,0.9223300970873787,True,103,26,0.10758461402012752,0.027157281208964226,0.041714563106796124,libero_spatial,local,6,2,pick up the black bowl next to the cookie box and place it on the plate,akita_black_bowl_1 plate_1,10.1
0.2681818181818182,0.8454545454545455,False,220,55,0.10780041868036444,0.02695010467009111,0.03852363636363637,libero_spatial,local,7,0,pick up the black bowl on the stove and place it on the plate,akita_black_bowl_1 plate_1,18.3
0.4590909090909091,0.9772727272727273,False,220,55,0.10758712941950017,0.026896782354875044,0.04096636363636364,libero_spatial,local,7,1,pick up the black bowl on the stove and place it on the plate,akita_black_bowl_1 plate_1,18.9
0.9338842975206612,0.8099173553719008,True,121,31,0.10757713933144847,0.027561085283263655,0.044445454545454545,libero_spatial,local,7,2,pick up the black bowl on the stove and place it on the plate,akita_black_bowl_1 plate_1,11.9
0.981651376146789,0.9724770642201835,True,109,28,0.10702787126813616,0.027493398123924886,0.038099999999999995,libero_spatial,local,8,0,pick up the black bowl next to the plate and place it on the plate,akita_black_bowl_1 plate_1,10.1
0.8981481481481481,0.9351851851851852,True,108,27,0.10763563050164117,0.026908907625410292,0.03863888888888888,libero_spatial,local,8,1,pick up the black bowl next to the plate and place it on the plate,akita_black_bowl_1 plate_1,10.1
0.9791666666666666,0.9479166666666666,True,96,24,0.10854276021321614,0.027135690053304035,0.03809479166666667,libero_spatial,local,8,2,pick up the black bowl next to the plate and place it on the plate,akita_black_bowl_1 plate_1,9.2
0.9767441860465116,0.9844961240310077,True,129,33,0.10789588003447562,0.02760127163672632,0.04086511627906975,libero_spatial,local,9,0,pick up the black bowl on the wooden cabinet and place it on the plate,akita_black_bowl_1 plate_1,12.0
0.5954545454545455,0.7818181818181819,False,220,55,0.10758271650834517,0.02689567912708629,0.03634363636363638,libero_spatial,local,9,1,pick up the black bowl on the wooden cabinet and place it on the plate,akita_black_bowl_1 plate_1,18.0
0.952755905511811,0.9763779527559056,True,127,32,0.10762009024620056,0.02711687313290093,0.04000472440944881,libero_spatial,local,9,2,pick up the black bowl on the wooden cabinet and place it on the plate,akita_black_bowl_1 plate_1,11.7
