step,query,infer_s,eef_x,eef_y,eef_z,eef_qx,eef_qy,eef_qz,eef_qw,gripper_q0,gripper_q1,joint_0,joint_1,joint_2,joint_3,joint_4,joint_5,joint_6,act_raw_0,act_raw_1,act_raw_2,act_raw_3,act_raw_4,act_raw_5,act_raw_6,act_env_0,act_env_1,act_env_2,act_env_3,act_env_4,act_env_5,act_env_6,akita_black_bowl_1_x,akita_black_bowl_1_y,akita_black_bowl_1_z,plate_1_x,plate_1_y,plate_1_z,force_akita_black_bowl_1,force_plate_1,force_other,n_contacts,sim_s
0,1,0.7554,-0.2052865614643861,0.014376493091078371,1.1756302321218022,0.9995861095461278,9.401225880129038e-05,-0.02876754339733918,0.00017091229605610027,0.03872314033192669,-0.03872239957647616,0.022536273567360977,-0.15447307628815973,0.0085455574861934,-2.430452137314432,0.0034439259217102043,2.2184561885117473,0.8144925500011552,0.17675173865325067,-0.04187751836446352,0.083876858635066,-0.01707935427149944,-9.867645921435297e-05,-0.01989562400392017,1.009765625,0.17675173865325067,-0.04187751836446352,0.083876858635066,-0.01707935427149944,-9.867645921435297e-05,-0.01989562400392017,-1.0,0.05556360823274181,-0.2756041592179484,1.1263999683944255,0.04645925482885279,0.1969109155542455,0.9024995673059236,0.0,0.0,0.0,0,0.039
1,0,0.0,-0.20445581511265876,0.013954576526265323,1.1759802393307366,0.9996150540917267,-0.0005536061420078897,-0.027731397219947846,0.0006377786933133619,0.03883370765829881,-0.03885632444555357,0.02111098223879127,-0.15357033673857703,0.009240059293320932,-2.4288675417664094,0.0022358253239469525,2.219932558184796,0.8158828464862058,0.268173013497783,-0.10512672629960829,0.246318058374412,-0.03141788665319925,-0.019348652359073265,-0.034170355041511696,1.0087890625,0.268173013497783,-0.10512672629960829,0.246318058374412,-0.03141788665319925,-0.019348652359073265,-0.034170355041511696,-1.0,0.05556360823274181,-0.2756041592179484,1.1263999683946255,0.04645925483802688,0.19691091558425367,0.9024997617621902,0.0,0.0,0.0,0,0.0355
2,0,0.0,-0.2023657173453613,0.012784889710454477,1.1775383518110636,0.9996776170248242,-0.002199779277959668,-0.02521734005860883,0.0019770561611789743,0.038891693663102016,-0.03893626616830625,0.019349087991579042,-0.15243764841173288,0.009108558436695237,-2.424059467078225,-0.0014644983530225316,2.221309854930281,0.8196823683107968,0.29672932182000766,-0.16800056801555346,0.36864820668532094,-0.04319274612927619,-0.03763876323990606,-0.03716138294797294,0.99755859375,0.29672932182000766,-0.16800056801555346,0.36864820668532094,-0.04319274612927619,-0.03763876323990606,-0.03716138294797294,-1.0,0.05556360823274181,-0.2756041592179484,1.1263999683946322,0.04645925484017635,0.19691091559319707,0.9024998147869767,0.0,0.0,0.0,0,0.0346
3,0,0.0,-0.19943281243543026,0.010858079133015548,1.1808008271362145,0.9997468980053626,-0.004493295784287588,-0.02164087528450766,0.004197944564825965,0.03893829612527836,-0.038990406918192895,0.01726086838420333,-0.15250539973881208,0.008184136670506183,-2.4161602383469813,-0.0076098634699384845,2.220410995420276,0.8251245485849814,0.4267735172730168,-0.32940804227141257,0.4441916378250801,-0.029562766560688222,-0.018224907946554902,-0.020553373196313257,0.9990234375,0.4267735172730168,-0.32940804227141257,0.4441916378250801,-0.029562766560688222,-0.018224907946554902,-0.020553373196313257,-1.0,0.05556360823274181,-0.2756041592179484,1.1263999683946322,0.04645925484066769,0.19691091559583995,0.9024998292459088,0.0,0.0,0.0,0,0.036
4,0,0.0,-0.19577893125332,0.00786636248660473,1.185167708756314,0.9998001734785501,-0.006742142926025763,-0.017589884262207103,0.0066897378623793574,0.03898039408705844,-0.03904204090805577,0.014720952110602686,-0.15238815784815155,0.005560064046272236,-2.405292797504925,-0.014745375829712169,2.2176169405049406,0.8288259167222877,0.5356572828181901,-0.38496224271296403,0.54689418771297,-0.021266257258069465,-0.04639460512077834,-0.008056767965908818,1.00390625,0.5356572828181901,-0.38496224271296403,0.54689418771297,-0.021266257258069465,-0.04639460512077834,-0.008056767965908818,-1.0,0.05556360823274181,-0.2756041592179484,1.1263999683946322,0.04645925484077615,0.19691091559661542,0.9024998331886069,0.0,0.0,0.0,0,0.0344
5,0,0.0,-0.1908422983769785,0.0037797979105140874,1.1906484309481806,0.9998488510633712,-0.0083593063169064,-0.012479272336730315,0.00875584302629458,0.039020627634764445,-0.039086667182220154,0.011763368081477406,-0.15099784027816707,0.0009216666853495011,-2.390437190716751,-0.021239463832705086,2.214419998558937,0.828339859793741,0.5903046066578431,-0.44614693644251063,0.5386779837219389,-0.011604173442907859,-0.06158856603170376,-0.009733556337712862,1.009765625,0.5903046066578431,-0.44614693644251063,0.5386779837219389,-0.011604173442907859,-0.06158856603170376,-0.009733556337712862,-1.0,0.05556360823274181,-0.2756041592179484,1.1263999683946322,0.04645925484079886,0.19691091559684162,0.9024998342637116,0.0,0.0,0.0,0,0.0374
6,0,0.0,-0.18477337019295254,-0.0011677144268082114,1.196833657030909,0.999879996537647,-0.009637466777466686,-0.006465150592031324,0.010262240779143247,0.039058580700209546,-0.039129843801547035,0.008515155851874644,-0.1477656106470203,-0.005385928224004221,-2.3722811569469133,-0.02650659745985525,2.211610093214058,0.8244348509147691,0.6367342878148415,-0.4833081921432782,0.5313746912854667,-0.003971127228930185,-0.06917384081620273,-0.007754643934953148,1.00390625,0.6367342878148415,-0.4833081921432782,0.5313746912854667,-0.003971127228930185,-0.06917384081620273,-0.007754643934953148,-1.0,0.05556360823274181,-0.2756041592179484,1.1263999683946322,0.046459254840803196,0.1969109155969073,0.9024998345568738,0.0,0.0,0.0,0,0.0354
7,0,0.0,-0.17791029829353985,-0.006835370487046456,1.203097913911202,0.9998794018253723,-0.010764799628219801,-7.869205530047383e-05,0.011193511596418862,0.039094697356923835,-0.039171369880315096,0.005071191412480786,-0.14218927589500663,-0.01305785588135447,-2.3517154232554143,-0.030254059045153645,2.209573971102254,0.8176795689382375,0.6728919156185219,-0.4923169814040703,0.5254407661808329,-0.00048392014530811156,-0.06360194143746584,-0.002558110602515401,0.99462890625,0.6728919156185219,-0.4923169814040703,0.5254407661808329,-0.00048392014530811156,-0.06360194143746584,-0.002558110602515401,-1.0,0.05556360823274181,-0.2756041592179484,1.1263999683946322,0.04645925484080388,0.19691091559692622,0.9024998346368139,0.0,0.0,0.0,0,0.0357
8,1,0.7353,-0.1705095795755287,-0.012938010710066223,1.2092411313591753,0.9998452979019787,-0.011559310459389183,0.006272724159256861,0.011679706187572777,0.03912940712862099,-0.039210969743234965,0.001591856656129461,-0.13431262775770406,-0.021513559830543563,-2.329092890625012,-0.032535649431249106,2.2077571257081186,0.808488947814922,0.7332915893360331,-0.4127393429337398,0.5254407661808329,-0.010180626427474054,-0.07516714434963404,-0.004753545227460021,1.009765625,0.7332915893360331,-0.4127393429337398,0.5254407661808329,-0.010180626427474054,-0.07516714434963404,-0.004753545227460021,-1.0,0.05556360823274181,-0.2756041592179484,1.1263999683946322,0.04645925484080393,0.19691091559693163,0.9024998346586124,0.0,0.0,0.0,0,0.0368
9,0,0.0,-0.16240498990415903,-0.01893150992889622,1.2153750817737738,0.9997717927939895,-0.011977316958976914,0.012912730043237758,0.012089979933250132,0.03916389451255541,-0.03924760702127554,-0.001651362934983418,-0.12411174662959146,-0.029636337855931894,-2.304169449053281,-0.034025153664088974,2.206628704692709,0.7986047666447512,0.7263065930557767,-0.4739240366632864,0.49759696376678275,-0.000583761678064787,-0.08031763957367655,-0.0019437917395721815,1.0068359375,0.7263065930557767,-0.4739240366632864,0.49759696376678275,-0.000583761678064787,-0.08031763957367655,-0.0019437917395721815,-1.0,0.05556360823274181,-0.2756041592179484,1.1263999683946322,0.04645925484080393,0.19691091559693316,0.9024998346645562,0.0,0.0,0.0,0,0.0352
10,0,0.0,-0.15382229199247485,-0.024861668841900213,1.2213946597497913,0.9996531078881666,-0.012351317427341746,0.019617463465247384,0.012500558968589766,0.039196002246738484,-0.03928357738795613,-0.004715517942082549,-0.11195617551775933,-0.03756329680269108,-2.2775008901847458,-0.0348057901717999,2.205796850552623,0.788581740810062,0.716856303970724,-0.4930677138424697,0.4884678482211926,0.00039613465552285065,-0.09600323866507875,0.00013079327299017618,1.001953125,0.716856303970724,-0.4930677138424697,0.4884678482211926,0.00039613465552285065,-0.09600323866507875,0.00013079327299017618,-1.0,0.05556360823274181,-0.2756041592179484,1.1263999683946322,0.04645925484080393,0.1969109155969336,0.9024998346661771,0.0,0.0,0.0,0,0.036
11,0,0.0,-0.14498699122070932,-0.03109168577287096,1.2274117277160548,0.9994884229524876,-0.012690045940722261,0.02642680191445612,0.0127859007717392,0.03922628542489516,-0.03931845237629472,-0.007752122771865297,-0.09864919663202676,-0.04586319416958809,-2.2496168452695575,-0.03463551060311181,2.2051700548167585,0.7775570915885014,0.7209651253120511,-0.4983228409112651,0.44966910715243413,0.0010789219117942755,-0.10415038565583691,0.002447077510317086,0.9970703125,0.7209651253120511,-0.4983228409112651,0.44966910715243413,0.0010789219117942755,-0.10415038565583691,0.002447077510317086,-1.0,0.05556360823274181,-0.2756041592179484,1.1263999683946322,0.04645925484080393,0.1969109155969336,0.9024998346666192,0.0,0.0,0.0,0,0.0347
12,0,0.0,-0.13595759958508616,-0.037514493551728485,1.2333169919752245,0.9992730475917777,-0.012858895429430584,0.03344812249777667,0.013009545201424394,0.03925537234595488,-0.03935172941962561,-0.010716495247740515,-0.08428826366063522,-0.054338162287717484,-2.2210135669974105,-0.03357334758380307,2.2052966598972774,0.7655849911610261,0.7345242357384313,-0.5047040666376595,0.39877428798576875,0.000454107158413819,-0.09825072749011549,0.005146052186854516,0.99365234375,0.7345242357384313,-0.5047040666376595,0.39877428798576875,0.000454107158413819,-0.09825072749011549,0.005146052186854516,-1.0,0.05556360823274181,-0.2756041592179484,1.1263999683946322,0.04645925484080393,0.1969109155969336,0.9024998346667397,0.0,0.0,0.0,0,0.0348
13,0,0.0,-0.12680795487628935,-0.04404959878983977,1.238692226315759,0.9990141808216875,-0.012831512793052058,0.04039148281796088,0.013211620354022905,0.039283194250813135,-0.03938359805967121,-0.01359242165469526,-0.06839439464036419,-0.06285789459455446,-2.1920603867536452,-0.031670571354388416,2.2064073471416172,0.7528313518226677,0.7341133536042986,-0.5103345599256546,0.3615731421374886,0.00022865853606005015,-0.08546813479771906,0.005206476993045661,0.99609375,0.7341133536042986,-0.5103345599256546,0.3615731421374886,0.00022865853606005015,-0.08546813479771906,0.005206476993045661,-1.0,0.05556360823274181,-0.2756041592179484,1.1263999683946322,0.04645925484080393,0.1969109155969336,0.9024998346667725,0.0,0.0,0.0,0,0.0358
14,0,0.0,-0.11766981291655146,-0.05068216843188748,1.243383884477906,0.998730169502785,-0.012674032019640125,0.04687060145266932,0.013437416298054596,0.03930976095218683,-0.03941416330570042,-0.016394952260977026,-0.05093378518370232,-0.07137707490395988,-2.1627855041450452,-0.029039563533085448,2.2077889532412067,0.7395493327019136,0.7312371786653694,-0.5212201802824451,0.3398914927167118,0.0005442866073553376,-0.07268554210532263,0.005025202574472254,0.99853515625,0.7312371786653694,-0.5212201802824451,0.3398914927167118,0.0005442866073553376,-0.07268554210532263,0.005025202574472254,-1.0,0.05556360823274181,-0.2756041592179484,1.1263999683946322,0.04645925484080393,0.1969109155969336,0.9024998346667815,0.0,0.0,0.0,0,0.0353
15,0,0.0,-0.10861656269238638,-0.057418348618256815,1.2475376446229363,0.9984349506008453,-0.012481257000026946,0.052768252977170194,0.013688649316967748,0.0393350478530265,-0.039443559417141956,-0.01915362968861245,-0.032222114744279155,-0.07989551245161994,-2.132996620458175,-0.025720963427066267,2.2087128081455956,0.7259262455418043,0.7258957109216441,-0.5493726467224205,0.3232308568460096,0.003832615799115327,-0.064163813643725,0.004219538491923747,0.9990234375,0.7258957109216441,-0.5493726467224205,0.3232308568460096,0.003832615799115327,-0.064163813643725,0.004219538491923747,-1.0,0.05556360823274181,-0.2756041592179484,1.1263999683946322,0.04645925484080393,0.1969109155969336,0.9024998346667837,0.0,0.0,0.0,0,0.0353
16,1,0.7381,-0.09964261653348916,-0.06433645797323895,1.251332203320984,0.9981333143533161,-0.012342390751413135,0.05817344756929232,0.013906910746283875,0.03935888177002944,-0.03947206410086835,-0.02193513572709562,-0.012498764260761193,-0.08854174645002129,-2.1024803676297084,-0.021563210841928738,2.208895887393275,0.7118852568914096,0.7464398176282804,-0.5242231100360425,0.3264260472869662,0.0011642703188282089,-0.09188284248584473,0.002124811877297683,0.990234375,0.7464398176282804,-0.5242231100360425,0.3264260472869662,0.0011642703188282089,-0.09188284248584473,0.002124811877297683,-1.0,0.05556360823274181,-0.2756041592179484,1.1263999683946322,0.04645925484080393,0.1969109155969336,0.9024998346667837,0.0,0.0,0.0,0,0.0394
17,0,0.0,-0.09034620846746955,-0.07129905089749135,1.25524662031542,0.9977692493211644,-0.012237226455647399,0.06409905180681413,0.014074336759483467,0.039382138412258925,-0.039498902634267266,-0.02469752663918545,0.007995374403312579,-0.0970643292373924,-2.0707822257730673,-0.01635131550327342,2.209744246686586,0.6975891604705078,0.7374004106773605,-0.5489972805032208,0.28717085044092827,0.008447871168157525,-0.07938118589657789,0.005448176217810213,0.99267578125,0.7374004106773605,-0.5489972805032208,0.28717085044092827,0.008447871168157525,-0.07938118589657789,0.005448176217810213,-1.0,0.05556360823274181,-0.2756041592179484,1.1263999683946322,0.04645925484080393,0.1969109155969336,0.9024998346667837,0.0,0.0,0.0,0,0.0356
18,0,0.0,-0.08098730311053455,-0.07822463012579972,1.2589146979895136,0.9973699643801179,-0.012132226707385396,0.07005402121300641,0.014085359044396286,0.03940428696754829,-0.03952470301092089,-0.027471615775885735,0.029311116927355173,-0.10543715665450856,-2.038575405990745,-0.009905136428238153,2.2107215803498983,0.6829060669358522,0.7353460000066968,-0.5576307035448134,0.24608983048577215,0.013607423925453818,-0.07015711717715631,0.007160212393225729,0.99462890625,0.7353460000066968,-0.5576307035448134,0.24608983048577215,0.013607423925453818,-0.07015711717715631,0.007160212393225729,-1.0,0.05556360823274181,-0.2756041592179484,1.1263999683946322,0.04645925484080393,0.1969109155969336,0.9024998346667837,0.0,0.0,0.0,0,0.0365
19,0,0.0,-0.07175151671964197,-0.08520910929839229,1.2619860528600462,0.9969754855491106,-0.011965656573232009,0.07553687635823104,0.013816098831686127,0.039425412660838675,-0.03954947141900159,-0.030351301384285715,0.05170158972188106,-0.11382143049105993,-2.0060534730890125,-0.001982797912163774,2.211347766106767,0.6673656870891989,0.7271283573240422,-0.5760236482855973,0.18983165593607243,0.020177640919763706,-0.06608354368177721,0.007804743659264535,0.9931640625,0.7271283573240422,-0.5760236482855973,0.18983165593607243,0.020177640919763706,-0.06608354368177721,0.007804743659264535,-1.0,0.05556360823274181,-0.2756041592179484,1.1263999683946322,0.04645925484080393,0.1969109155969336,0.9024998346667837,0.0,0.0,0.0,0,0.036
20,0,0.0,-0.06257981098337852,-0.09229901868995881,1.2644070958771505,0.9965856932154271,-0.011773445310213737,0.08064330893659159,0.013228710731233731,0.03944547622757321,-0.03957333508138328,-0.033406611843796334,0.07530313886879864,-0.12226642797740575,-1.9731688431765495,0.007569216404395427,2.211846576644387,0.650892560304488,0.7176780682389895,-0.6146863688631635,0.12706898656013976,0.025214807282067958,-0.05224744060264483,0.00782488526132824,0.99462890625,0.7176780682389895,-0.6146863688631635,0.12706898656013976,0.025214807282067958,-0.05224744060264483,0.00782488526132824,-1.0,0.05556360823274181,-0.2756041592179484,1.1263999683946322,0.04645925484080393,0.1969109155969336,0.9024998346667837,0.0,0.0,0.0,0,0.0356
21,0,0.0,-0.053552722523751,-0.09968115793035359,1.2659936799051812,0.9962187543330718,-0.011636755792364395,0.08520493161622447,0.012365235863702351,0.039464100042590204,-0.03959675513970705,-0.03676227577588921,0.10026540650711814,-0.1309808282834808,-1.9400358021832602,0.01865969037661735,2.2120776502565467,0.6334064079108281,0.7098713076904676,-0.6488446948103337,0.07566065464403482,0.028461267443962268,-0.03685448328533594,0.009194514201660675,1.0009765625,0.7098713076904676,-0.6488446948103337,0.07566065464403482,0.028461267443962268,-0.03685448328533594,0.009194514201660675,-1.0,0.05556360823274181,-0.2756041592179484,1.1263999683946322,0.04645925484080393,0.1969109155969336,0.9024998346667837,0.0,0.0,0.0,0,0.0362
22,0,0.0,-0.04472153179393401,-0.10746844503204618,1.266693819998767,0.9958926334183626,-0.011502393296309477,0.08909275641501323,0.011315405687363597,0.03948155876179742,-0.03961953691012075,-0.04050619981723423,0.1266465947271184,-0.14002932666409132,-1.9065258111931314,0.031090463579259837,2.211713107777137,0.6147870236645268,0.6963121972640874,-0.6623578787015219,0.01751960001305708,0.03199114873110129,-0.02911703477830843,0.009516779834680078,1.0068359375,0.6963121972640874,-0.6623578787015219,0.01751960001305708,0.03199114873110129,-0.02911703477830843,0.009516779834680078,-1.0,0.05556360823274181,-0.2756041592179484,1.1263999683946322,0.04645925484080393,0.1969109155969336,0.9024998346667837,0.0,0.0,0.0,0,0.0356
23,0,0.0,-0.03605247069783063,-0.11555807655520016,1.26658961233351,0.9956050728707365,-0.011300853066058825,0.09242042443309023,0.010064528883190468,0.03949834642926003,-0.03964126414746891,-0.04465776775379452,0.15435607602416296,-0.14922118628677078,-1.8725203705008773,0.04488327823950137,2.21073386390536,0.5951121423564865,0.6917924937886274,-0.6537244556599294,-0.0368271659692847,0.027224520715621564,-0.02513125381515735,0.008086726088156498,1.005859375,0.6917924937886274,-0.6537244556599294,-0.0368271659692847,0.027224520715621564,-0.02513125381515735,0.008086726088156498,-1.0,0.05556360823274181,-0.2756041592179484,1.1263999683946322,0.04645925484080393,0.1969109155969336,0.9024998346667837,0.0,0.0,0.0,0,0.0363
24,1,0.7366,-0.027476579212088362,-0.12383892076047655,1.2657642977517127,0.9953421541716309,-0.011025743997193749,0.09537076916198894,0.008766155812852287,0.03951448563700404,-0.03966198881249697,-0.04919757781355586,0.18331807486697282,-0.15831764700876944,-1.8379492082184639,0.0595665602445067,2.2093955943079586,0.5749162977060683,0.6889163188496984,-0.6360822433575448,0.03303909644056047,0.0267349751356534,-0.02936285386854684,0.008489558129430752,0.9970703125,0.6889163188496984,-0.6360822433575448,0.03303909644056047,0.0267349751356534,-0.02936285386854684,0.008489558129430752,-1.0,0.05556360823274181,-0.2756041592179484,1.1263999683946322,0.04645925484080393,0.1969109155969336,0.9024998346667837,0.0,0.0,0.0,0,0.0367
25,0,0.0,-0.01891366211279257,-0.13208655244131712,1.2649914482364593,0.9950554848136552,-0.010638037315537419,0.09846432366989613,0.007496083548344662,0.039530498777336914,-0.03968125999381124,-0.05406223844732805,0.2125308578216087,-0.1669861969962496,-1.8023076851883857,0.07484194609470152,2.207299581751862,0.5547267554499458,0.7028863114102112,-0.6390851731111422,0.002338879357753343,0.02518904172522754,-0.026834428940380517,0.009073664589278385,0.9931640625,0.7028863114102112,-0.6390851731111422,0.002338879357753343,0.02518904172522754,-0.026834428940380517,0.009073664589278385,-1.0,0.05556360823274181,-0.2756041592179484,1.1263999683946322,0.04645925484080393,0.1969109155969336,0.9024998346667837,0.0,0.0,0.0,0,0.0358
26,0,0.0,-0.010348383768194011,-0.14027979381338979,1.2643135879086544,0.9947434063529363,-0.0101764006894694,0.10169668376621364,0.006307209947208358,0.03954583150115449,-0.03969970008428579,-0.05929349386058773,0.24213467032604072,-0.17517330470376807,-1.7654798427256482,0.09045531053051221,2.2044190169114866,0.5348338868133683,0.7127474826293966,-0.6364576095767445,-0.016707451161386278,0.01659622851894381,-0.021537612829291314,0.008791682160386421,0.99072265625,0.7127474826293966,-0.6364576095767445,-0.016707451161386278,0.01659622851894381,-0.021537612829291314,0.008791682160386421,-1.0,0.05556360823274181,-0.2756041592179484,1.1263999683946322,0.04645925484080393,0.1969109155969336,0.9024998346667837,0.0,0.0,0.0,0,0.036
27,0,0.0,-0.0017430418182327358,-0.1485353752161001,1.2632991141950758,0.9944279209943365,-0.009645713417576696,0.10483506772231008,0.005447819307320148,0.039560372928010984,-0.03971748392908757,-0.06494089223872815,0.2727841726086056,-0.1829165089536313,-1.727463233109618,0.10578595922795825,2.2011104483913178,0.5155145158101048,0.7078168970198039,-0.6248212567815546,-0.0562835934758239,0.007172476104556194,-0.022620387393436636,0.006394831514804661,0.98974609375,0.7078168970198039,-0.6248212567815546,-0.0562835934758239,0.007172476104556194,-0.022620387393436636,0.006394831514804661,-1.0,0.05556360823274181,-0.2756041592179484,1.1263999683946322,0.04645925484080393,0.1969109155969336,0.9024998346667837,0.0,0.0,0.0,0,0.0347
28,0,0.0,0.006885645343341924,-0.15681927013902294,1.2619006781579127,0.9941165846897442,-0.009070591360407665,0.10781588352111963,0.005067117299835527,0.03957443802748227,-0.03973435852942956,-0.07098779370869261,0.30447799407121656,-0.19011975898514383,-1.688303464538209,0.12034000522905984,2.1974489240730066,0.4972141951909802,0.6728919156185219,-0.5884107335191865,-0.15559125352019754,0.0004879244517668885,-0.022163866225851037,0.0010573069679209457,0.99462890625,0.6728919156185219,-0.5884107335191865,-0.15559125352019754,0.0004879244517668885,-0.022163866225851037,0.0010573069679209457,-1.0,0.05556360823274181,-0.2756041592179484,1.1263999683946322,0.04645925484080393,0.1969109155969336,0.9024998346667837,0.0,0.0,0.0,0,0.0354
29,0,0.0,0.015379281596541651,-0.16493000985096046,1.2597763341807962,0.9938464687133561,-0.008587453047462612,0.11031920339011356,0.005012548206182646,0.03958850494147176,-0.03974990599578334,-0.07738777743913405,0.3371446708307973,-0.19656859508477326,-1.6487211978740948,0.13403151403916597,2.1934405081475328,0.4804564291103601,0.605918127754887,-0.5223462789400442,-0.24665418108745996,4.185824896693613e-05,-0.03097823646154199,-0.00013104755383808175,1.0009765625,0.605918127754887,-0.5223462789400442,-0.24665418108745996,4.185824896693613e-05,-0.03097823646154199,-0.00013104755383808175,-1.0,0.05556360823274181,-0.2756041592179484,1.1263999683946322,0.04645925484080393,0.1969109155969336,0.9024998346667837,0.0,0.0,0.0,0,0.0343
30,0,0.0,0.023561768928931134,-0.17248013773757379,1.2568380220852373,0.9936347796004668,-0.008204117982316073,0.11224452290059712,0.004876914524640008,0.03960326536930545,-0.03976349287335524,-0.08405170609530545,0.3700855611147847,-0.201886308344823,-1.6096836422342304,0.14724889316404532,2.189084568869314,0.46536244441680813,0.5364790470864557,-0.46491524740249424,-0.3352066018796851,0.001125621983567554,-0.028285932139883396,-0.0007957204219405933,1.001953125,0.5364790470864557,-0.46491524740249424,-0.3352066018796851,0.001125621983567554,-0.028285932139883396,-0.0007957204219405933,-1.0,0.05556360823274181,-0.2756041592179484,1.1263999683946322,0.04645925484080393,0.1969109155969336,0.9024998346667837,0.0,0.0,0.0,0,0.0353
31,0,0.0,0.031200557990466598,-0.1793367983510444,1.2530962876342764,0.9934987481107793,-0.007898001706668545,0.11348208404281387,0.00443572684622897,0.03961805847484603,-0.0397758350567246,-0.09094757408971718,0.402556890970056,-0.20600417166606727,-1.5721478050421325,0.16000696702547837,2.1842962887675057,0.4518262311071706,0.44177071516886135,-0.3249036476410165,-0.46347067529522773,-0.0001304489124034497,-0.03204345251924168,-0.000825932825036152,0.99267578125,0.44177071516886135,-0.3249036476410165,-0.46347067529522773,-0.0001304489124034497,-0.03204345251924168,-0.000825932825036152,-1.0,0.05556360823274181,-0.2756041592179484,1.1263999683946322,0.04645925484080393,0.1969109155969336,0.9024998346667837,0.0,0.0,0.0,0,0.0393
32,1,0.7498,0.038118919130212044,-0.18514015607536438,1.2483975609047075,0.9934718820592552,-0.007523084005086611,0.1137764784371733,0.003454811011928356,0.039634128627016735,-0.039785741135590406,-0.09787493013988739,0.4339557167744947,-0.20855304192948595,-1.5371985915695716,0.17213160191231214,2.179024455802527,0.439925860328729,0.45717879519883875,-0.2817365324330542,-0.38701433260090967,-0.003471919565146836,-0.00914130727869808,0.002064387071106538,1.0068359375,0.45717879519883875,-0.2817365324330542,-0.38701433260090967,-0.003471919565146836,-0.00914130727869808,0.002064387071106538,-1.0,0.05556360823274181,-0.2756041592179484,1.1263999683946322,0.04645925484080393,0.1969109155969336,0.9024998346667837,0.0,0.0,0.0,0,0.0388
33,0,0.0,0.044520013819700055,-0.19005139191124956,1.2433751295959543,0.993489969299528,-0.0070120973646783935,0.1136767290674256,0.0024723794816196992,0.039649294178196196,-0.03979544206485108,-0.10469597240217278,0.4638919645232395,-0.20972764918473297,-1.5042182387389138,0.18253912359377777,2.1738208251252797,0.4299534621403688,0.35610179020218713,-0.08617073223002492,-0.420335604342314,-0.024680193539426562,-0.03857521691700469,0.0036354320320761135,1.0048828125,0.35610179020218713,-0.08617073223002492,-0.420335604342314,-0.024680193539426562,-0.03857521691700469,0.0036354320320761135,-1.0,0.05556360823274181,-0.2756041592179484,1.1263999683946322,0.04645925484080393,0.1969109155969336,0.9024998346667837,0.0,0.0,0.0,0,0.0337
34,0,0.0,0.05046862583437303,-0.19375656608446495,1.238741233572584,0.9935307224131791,-0.006100867205615534,0.11338752339414111,0.0016590898189761533,0.03966595247209556,-0.03980258780910944,-0.11100978513736715,0.4913500966082092,-0.20927877806155393,-1.4732076736511306,0.1904726116681188,2.168221735283705,0.4222257563088697,0.20664341391140673,-0.053607712714453304,-0.5244075215620425,-0.028660972071273147,-0.04754176087522416,0.0012486521875262058,1.0068359375,0.20664341391140673,-0.053607712714453304,-0.5244075215620425,-0.028660972071273147,-0.04754176087522416,0.0012486521875262058,-1.0,0.05556360823274181,-0.2756041592179484,1.1263999683946322,0.04645925484080393,0.1969109155969336,0.9024998346667837,0.0,0.0,0.0,0,0.0357
35,0,0.0,0.055461999791857536,-0.196388121622967,1.2341036802476257,0.9936559043099766,-0.005164241757605548,0.11234010806576047,0.0009871964159109611,0.03968116936444024,-0.039810158127370564,-0.11669528352030722,0.5155397101307372,-0.20763583747273273,-1.4463504467688626,0.19560688847643012,2.16246926222881,0.41708590727359224,0.0753023717225414,-0.052763138721254044,-0.6855364109417099,-0.029897718799613823,-0.0485484485781052,-0.000624516804399039,1.0068359375,0.0753023717225414,-0.052763138721254044,-0.6855364109417099,-0.029897718799613823,-0.0485484485781052,-0.000624516804399039,-1.0,0.05556360823274181,-0.2756041592179484,1.1263999683946322,0.04645925484080393,0.1969109155969336,0.9024998346667837,0.0,0.0,0.0,0,0.035
36,0,0.0,0.059215977228222444,-0.19857889361600956,1.228553045021998,0.9938966235479599,-0.004569364955761712,0.11021992391072907,0.0004370091278627433,0.03969506744534839,-0.0398180713408817,-0.1220209952600225,0.536981147711581,-0.20542828320031703,-1.425211167639686,0.19858918022154876,2.1579518014136227,0.41374226295572064,-0.022936978535256003,-0.046757279214059255,-0.8293199807847559,-0.029279345435443485,-0.04611366901764874,-5.0481145583231024e-05,1.0068359375,-0.022936978535256003,-0.046757279214059255,-0.8293199807847559,-0.029279345435443485,-0.04611366901764874,-5.0481145583231024e-05,-1.0,0.05556360823274181,-0.2756041592179484,1.1263999683946322,0.04645925484080393,0.1969109155969336,0.9024998346667837,0.0,0.0,0.0,0,0.0359
37,0,0.0,0.061843921344756546,-0.20051736470121562,1.2215748741802217,0.9942195880783251,-0.004211078070858132,0.10728314033568934,-7.281866469999176e-05,0.03970833925851674,-0.03982567607537479,-0.12709706764778275,0.5562763931596892,-0.20275481208049748,-1.4103866597290557,0.2002764455083931,2.156240236140277,0.4111432742140656,-0.11579634084925294,-0.03784233150806704,-0.8612718851943216,-0.03286075783626338,-0.03746317817545006,0.0004933421101369906,1.0009765625,-0.11579634084925294,-0.03784233150806704,-0.8612718851943216,-0.03286075783626338,-0.03746317817545006,0.0004933421101369906,-1.0,0.05556360823274181,-0.2756041592179484,1.1263999683946322,0.04645925484080393,0.1969109155969336,0.9024998346667837,0.0,0.0,0.0,0,0.035
38,0,0.0,0.0633387466850753,-0.20229783401791349,1.213567730992587,0.9945971548613597,-0.003910239566784657,0.10373503456294782,-0.0005021677423299592,0.03972090313193365,-0.03983309393511787,-0.1319017561154214,0.5729577090311658,-0.1998305286220994,-1.4017421191677562,0.2008075138314404,2.1570932093473765,0.40871880079844497,-0.20434144075485616,-0.05379539582405313,-0.8827253067264587,-0.03172707333528442,-0.025423895589250678,0.0004933421101369906,0.9951171875,-0.20434144075485616,-0.05379539582405313,-0.8827253067264587,-0.03172707333528442,-0.025423895589250678,0.0004933421101369906,-1.0,0.05556360823274181,-0.2756041592179484,1.1263999683946322,0.04645925484080393,0.1969109155969336,0.9024998346667837,0.0,0.0,0.0,0,0.0366
39,0,0.0,0.06363423047172523,-0.20405067142910976,1.2050408530232006,0.9950147717159564,-0.0036712534239463634,0.09965667443508086,-0.000820491242881069,0.03973269988164691,-0.03984042211631238,-0.13641982830511323,0.5865685284712033,-0.1969832056826641,-1.3989694944902504,0.20031843654935372,2.1598631071537304,0.4062685766505136,-0.3645854730666208,-0.07162529123603756,-0.8918544222720489,-0.03337606897307201,-0.025224899182867216,0.0013191477947492036,0.98583984375,-0.3645854730666208,-0.07162529123603756,-0.8918544222720489,-0.03337606897307201,-0.025224899182867216,0.0013191477947492036,-1.0,0.05556360823274181,-0.2756041592179484,1.1263999683946322,0.04645925484080393,0.1969109155969336,0.9024998346667837,0.0,0.0,0.0,0,0.0366
40,1,0.7403,0.06247364663832912,-0.20592392608494972,1.1963790150723115,0.9954827509037999,-0.0035071609130084003,0.09487089136618074,-0.0011429990021080139,0.039743715656310914,-0.03984771088956397,-0.14070013412073348,0.5963322144795395,-0.1945920492482432,-1.4023067542339185,0.19904557201027379,2.163512814565713,0.4033935226925265,-0.4759345314165906,-0.1702527653307515,-0.9329354422272049,-0.008025981736693014,-0.03486451922150133,0.015941950893004264,0.99853515625,-0.4759345314165906,-0.1702527653307515,-0.9329354422272049,-0.008025981736693014,-0.03486451922150133,0.015941950893004264,-1.0,0.05556360823274181,-0.2756041592179484,1.1263999683946322,0.04645925484080393,0.1969109155969336,0.9024998346667837,0.0,0.0,0.0,0,0.0368
41,0,0.0,0.05996733311540774,-0.20800299291675964,1.1876778379855304,0.9959371861001554,-0.0032075207408871487,0.08997325104667747,-0.0019097773931917722,0.03975405200285046,-0.03985489398855469,-0.1450691058321528,0.602347409610686,-0.19265767233432823,-1.4118487773826367,0.19878815908606254,2.1690493274520937,0.3984212267483465,-0.5975556431198786,-0.17044044844035133,-0.9064610071449932,-0.012763623500727253,-0.029772552352277493,0.0222865555430736,0.99365234375,-0.5975556431198786,-0.17044044844035133,-0.9064610071449932,-0.012763623500727253,-0.029772552352277493,0.0222865555430736,-1.0,0.05556360823274181,-0.2756041592179484,1.1263999683946322,0.04645925484080393,0.1969109155969336,0.9024998346667837,0.0,0.0,0.0,0,0.0362
42,0,0.0,0.05600845910400236,-0.21049382281810694,1.1789360008161491,0.9963722244722027,-0.0024702937683946935,0.08500844792417589,-0.003138746650279394,0.03976363757406113,-0.03986207653596418,-0.14968690271584303,0.6045250255371336,-0.19141962523265402,-1.427746725582022,0.19973715862583896,2.1764330533615786,0.3902886295380599,-0.6476832634840717,-0.1580533632067621,-0.8918544222720489,-0.01950131661449994,-0.021877077287239588,0.024824397403101328,0.99169921875,-0.6476832634840717,-0.1580533632067621,-0.8918544222720489,-0.01950131661449994,-0.021877077287239588,0.024824397403101328,-1.0,0.05556360823274181,-0.2756041592179484,1.1263999683946322,0.04645925484080393,0.1969109155969336,0.9024998346667837,0.0,0.0,0.0,0,0.0368
43,0,0.0,0.05075568979634823,-0.21329261303031383,1.1702766331229144,0.996776609838813,-0.0012433334335272828,0.08010232168903086,-0.004296773236045652,0.03977314425189856,-0.039868618796432546,-0.15423148108248372,0.6031748839990083,-0.19085270287065192,-1.4494942472547263,0.20080176385564064,2.1862051450716944,0.37984728721383165,-0.6649403131176463,-0.1319654109723849,-0.8708574565171914,-0.027102155882427065,-0.017128964502575394,0.020292536938766093,0.9892578125,-0.6649403131176463,-0.1319654109723849,-0.8708574565171914,-0.027102155882427065,-0.017128964502575394,0.020292536938766093,-1.0,0.05556360823274181,-0.2756041592179484,1.1263999683946322,0.04645925484080393,0.1969109155969336,0.9024998346667837,0.0,0.0,0.0,0,0.0359
44,0,0.0,0.04464054589580791,-0.21615264814669413,1.161562319106545,0.9971216520756057,0.00020283895798317575,0.07564890793679652,-0.0050608839485372925,0.039782755757408736,-0.039874367901926625,-0.15841552266903755,0.5992889116035396,-0.19070035135088725,-1.4761142127376174,0.20151618886004632,2.1994282856319196,0.3684861454730134,-0.6041297572660023,-0.08176017915442868,-0.8096923823617369,-0.034767409042455275,-0.0058812779152984385,0.019063899212879654,0.9970703125,-0.6041297572660023,-0.08176017915442868,-0.8096923823617369,-0.034767409042455275,-0.0058812779152984385,0.019063899212879654,-1.0,0.05556360823274181,-0.2756041592179484,1.1263999683946322,0.04645925484080393,0.1969109155969336,0.9024998346667837,0.0,0.0,0.0,0,0.0376
45,0,0.0,0.038182098788844626,-0.21871044288549443,1.1528373736819713,0.9973856812237584,0.0017485294970547294,0.07205246732638254,-0.005214162118328414,0.03979285555488002,-0.03987897039722842,-0.16193701593381696,0.5938455727820838,-0.19055938413674148,-1.5061315517873108,0.2015563725019727,2.2166469595488785,0.357401421997254,-0.5379777336706328,-0.0566106424680507,-0.752635410201798,-0.043836885050286975,-0.00018061615596048908,0.013383967430912802,-0.0065155029296875,-0.5379777336706328,-0.0566106424680507,-0.752635410201798,-0.043836885050286975,-0.00018061615596048908,0.013383967430912802,1.0,0.05556360823274181,-0.2756041592179484,1.1263999683946322,0.04645925484080393,0.1969109155969336,0.9024998346667837,0.0,0.0,0.0,0,0.042
46,0,0.0,0.032161167049360354,-0.2204799244275008,1.1451431032579522,0.9975257238084007,0.0034320925465715635,0.07007641635212068,-0.0044662011286206935,0.03944471370434241,-0.03944163936747018,-0.16433835880558748,0.5867263907996655,-0.18988575192761029,-1.537058154672358,0.2003070681117132,2.237219274013442,0.34811830129656846,-0.4820977634285815,-0.08692146466842421,-0.6754943838415606,-0.05190150434134185,0.004946467726154563,0.004964777768281109,-0.00800323486328125,-0.4820977634285815,-0.08692146466842421,-0.6754943838415606,-0.05190150434134185,0.004946467726154563,0.004964777768281109,1.0,0.05565315296419067,-0.27564961480741074,1.1279140982281706,0.04645925484080393,0.1969109155969336,0.9024998346667837,52.670657777122955,0.0,0.0,8,0.0453
47,0,0.0,0.02892844228107189,-0.2200618919427226,1.14293793312136,0.9973524522659528,0.006190657446418613,0.07243273123210417,-0.0018058697981680125,0.03890330421437696,-0.0373021645416263,-0.16442422396070377,0.5755410433197928,-0.18736458617408278,-1.5626162182370775,0.19520325992282114,2.2586155613029057,0.3436159816803487,-0.31178711883056504,-0.07969566494883051,-0.45890611752243265,-0.06179547816806734,0.014404649864850821,-0.007452519903997451,-0.00814056396484375,-0.31178711883056504,-0.07969566494883051,-0.45890611752243265,-0.06179547816806734,0.014404649864850821,-0.007452519903997451,1.0,0.05556696256665474,-0.2756853168943991,1.12936319679551,0.04645925484080393,0.1969109155969336,0.9024998346667837,49.7610318960347,0.0,0.0,9,0.0471
48,1,0.7183,0.026814962431952544,-0.22009829625397087,1.1425890279098903,0.997092225714824,0.008165547687438324,0.07570653336738069,0.0029896580933056263,0.03791423439234783,-0.03395019315423626,-0.16363644129136473,0.5650145959439924,-0.1858459760271794,-1.5835125196751318,0.18603914947494676,2.2792223040716415,0.34408092376048965,-0.22159849038843082,-0.0983701343540142,-0.20876835157326057,-0.023443446811085872,-0.00418980846103903,-0.01242246021321844,-0.0008592605590820312,-0.22159849038843082,-0.0983701343540142,-0.20876835157326057,-0.023443446811085872,-0.00418980846103903,-0.01242246021321844,1.0,0.05532507101120357,-0.2758489682770299,1.1305639463986323,0.04645925484080393,0.1969109155969336,0.9024998346667837,43.09706832712418,0.0,0.0,8,0.044
49,0,0.0,0.02517385752550293,-0.2203090209958478,1.1431086926474336,0.9968084316538143,0.00883541147914968,0.07897952518901871,0.0075578230181359216,0.03620835654107008,-0.029875256281583162,-0.16278105566943576,0.5552994454552582,-0.18498556771725835,-1.600748357003643,0.17745709628097106,2.296698022039417,0.347130418581957,-0.12237045499537658,-0.1113202689164029,-0.02162148288866106,-0.013394879643317814,0.004688942964952453,-0.027095617316632792,-0.0024280548095703125,-0.12237045499537658,-0.1113202689164029,-0.02162148288866106,-0.013394879643317814,0.004688942964952453,-0.027095617316632792,1.0,0.05503393408776431,-0.2760503586873759,1.131592813106462,0.04645925484080393,0.1969109155969336,0.9024998346667837,28.805738975208236,0.0,0.0,7,0.0434
50,0,0.0,0.023590167938526363,-0.221104889728913,1.1442609568225532,0.9965343082837308,0.008083653455099093,0.08204047186310288,0.011108012277771525,0.033151240460414,-0.02541059645031249,-0.16246724871013754,0.5462930541014528,-0.18512493142072994,-1.6149109417729368,0.17129894409504648,2.3104527509066295,0.35078808935060934,-0.07080474716171903,-0.1379712704795797,0.07959758572307063,-0.003992061743863046,0.01702672016072701,-0.036406072870583756,-0.0017995834350585938,-0.07080474716171903,-0.1379712704795797,0.07959758572307063,-0.003992061743863046,0.01702672016072701,-0.036406072870583756,1.0,0.054632670394830295,-0.27639531538833134,1.1323681211319816,0.04645925484080393,0.1969109155969336,0.9024998346667837,18.296325248665855,0.0,0.0,7,0.0481
51,0,0.0,0.02208189640554951,-0.22243905592121954,1.1455547626981586,0.9963034883643251,0.006355015308305512,0.0845373516475245,0.013871158204357241,0.02936590307864458,-0.020717192759894622,-0.16261501183151458,0.5387518475689766,-0.18608916493638855,-1.6259026712616598,0.16689955557107355,2.320682706996091,0.35466898017255916,-0.009069706508276432,-0.18095070257794216,0.15000588936843506,-0.00018922658894568456,0.021896279281639924,-0.044885687339406594,-0.002777099609375,-0.009069706508276432,-0.18095070257794216,0.15000588936843506,-0.00018922658894568456,0.021896279281639924,-0.044885687339406594,1.0,0.05374730833418415,-0.2757658110896172,1.1327131841787859,0.04645925484080393,0.1969109155969336,0.9024998346667837,10.729016235820087,0.0,0.0,6,0.0428
52,0,0.0,0.020627453457259037,-0.22423364820563949,1.1466133282991364,0.9961391282642794,0.0038818393468099677,0.08623995107008098,0.015951153676005678,0.022377646763031608,-0.015889935965271617,-0.16313110383657872,0.533097781514421,-0.18773771254898888,-1.6339457005106108,0.16393489186572335,2.3276964663482214,0.35863926202846186,0.00936862926092985,-0.2076017041411189,0.21858836990468178,-1.530908027277955e-05,0.0354748575995702,-0.041300482172065806,-0.0035152435302734375,0.00936862926092985,-0.2076017041411189,0.21858836990468178,-1.530908027277955e-05,0.0354748575995702,-0.041300482172065806,1.0,0.05038029915949569,-0.27454392982652565,1.1343405676279066,0.04645925484080393,0.1969109155969336,0.9024998346667837,0.024345958931009125,0.0,0.0,1,0.0416
53,0,0.0,0.019278907379320174,-0.2261470348701154,1.1476092360190755,0.9960444539837462,0.0012004807028573872,0.087108436516182,0.0174964231204015,0.014664017450995428,-0.010990922443067942,-0.16377826393090344,0.5287997799493427,-0.1897374996674024,-1.639256668942812,0.16160429102676138,2.331345794831291,0.3625394607711939,0.015685942073220605,-0.19296242159233168,0.28237806477949334,0.00011432387758064655,0.04404340874502277,-0.04208600465255058,-0.00463104248046875,0.015685942073220605,-0.19296242159233168,0.28237806477949334,0.00011432387758064655,0.04404340874502277,-0.04208600465255058,1.0,0.04695631292100812,-0.27332880437196694,1.1355178610255914,0.04645925484080393,0.1969109155969336,0.9024998346667837,4.522482091247541,0.0,0.0,3,0.0437
54,0,0.0,0.018069733366193313,-0.22821357194937375,1.149268501100319,0.9960004231223655,-0.001389719408074086,0.08732924801389899,0.01883688565982719,0.0107302399826495,-0.007360806823132926,-0.1644372390101801,0.5248505338946052,-0.19215709643648698,-1.6417316824786163,0.15910793538109738,2.331108160162122,0.3663821670122157,0.02462262849060748,-0.16781288490595359,0.31935098273913365,0.0003268897215141925,0.04881932249822579,-0.04536908578893567,-0.004390716552734375,0.02462262849060748,-0.16781288490595359,0.31935098273913365,0.0003268897215141925,0.04881932249822579,-0.04536908578893567,1.0,0.044816227539215145,-0.27308429827655717,1.1360365001627382,0.04645925484080393,0.1969109155969336,0.9024998346667837,9.350295354546354,0.0,0.0,5,0.0629
55,0,0.0,0.01719735857231715,-0.23016272073159452,1.1519126105259236,0.995977457178262,-0.003867906326109005,0.08724579635854272,0.020052808061174217,0.008417245247401322,-0.006403185054304304,-0.16492484105563676,0.5208747054204174,-0.19466195468335382,-1.6413215992140426,0.15619514346301588,2.327350748287258,0.37071399577619124,0.012347524733392179,-0.13252846030118437,0.3620295979147681,0.0002463723563878445,0.04839791834353141,-0.041421331784448095,-0.002231597900390625,0.012347524733392179,-0.13252846030118437,0.3620295979147681,0.0002463723563878445,0.04839791834353141,-0.041421331784448095,1.0,0.04177742630051204,-0.27428159372714084,1.1362380077065908,0.04645925484080393,0.1969109155969336,0.9024998346667837,12.995723672717418,0.0,0.0,3,0.045
56,1,0.7466,0.016487000759868253,-0.2318211917473648,1.1553516764564649,0.9960002460316517,-0.00625099692048775,0.08660862318429503,0.02105662205838298,0.0066368270539356265,-0.005569243374279217,-0.16517305965491763,0.5166566716537901,-0.1971239405958039,-1.6387383577179577,0.152726910417877,2.320004946728652,0.37572611290495483,0.05541310841717895,-0.02507988005527817,0.4702096171300121,-0.0004251424687658767,0.01749494699927634,-0.02033559212399938,0.00093841552734375,0.05541310841717895,-0.02507988005527817,0.4702096171300121,-0.0004251424687658767,0.01749494699927634,-0.02033559212399938,1.0,0.03901242527641189,-0.27516746882798393,1.1368809604999834,0.04645925484080393,0.1969109155969336,0.9024998346667837,7.986801259129215,0.0,0.0,3,0.0463
57,0,0.0,0.0163181121352543,-0.2326849410273872,1.1600673039406881,0.9959972771126278,-0.0079279245380936,0.08635400971225143,0.021669264024527884,0.004983005217088374,-0.004388242614373031,-0.1650843671127038,0.5114944430214095,-0.1987358282781362,-1.6341725188167695,0.14955930990000932,2.310389623398334,0.3802906815992088,0.10053952280497513,0.07256225771403657,0.5382215279446594,-0.0004492976783037894,0.018876216172996813,-0.019973043286852565,-0.002971649169921875,0.10053952280497513,0.07256225771403657,0.5382215279446594,-0.0004492976783037894,0.018876216172996813,-0.019973043286852565,1.0,0.03563501060437683,-0.27544728595548906,1.1381742055784958,0.04645925484080393,0.1969109155969336,0.9024998346667837,6.410651753897568,0.0,0.0,8,0.0438
58,0,0.0,0.01666797061369978,-0.23253498373165812,1.165914546898631,0.9959700030412045,-0.008948554925294283,0.0865140420046908,0.02188599878600357,0.004189882933389438,-0.004216744317126623,-0.1645495576209224,0.5053731239762148,-0.19930447005386737,-1.6281713021286095,0.14646487121951107,2.298958164256152,0.38498806126641705,0.15728619754871254,0.2973597022372403,0.6354466085051951,-0.0022689901301592152,0.023090257719940693,-0.020413011406931775,-0.0052947998046875,0.15728619754871254,0.2973597022372403,0.6354466085051951,-0.0022689901301592152,0.023090257719940693,-0.020413011406931775,1.0,0.03454676319534166,-0.27513530014931664,1.1426815133847965,0.04645925484080393,0.1969109155969336,0.9024998346667837,5.22392359755557,0.0,0.0,8,0.0438
59,0,0.0,0.017470026498568755,-0.23078201632907797,1.1727892507873756,0.9959610646750247,-0.009549000962016607,0.08661767710608795,0.021627580649786086,0.003720736284149304,-0.0040679814574033895,-0.1630914080019158,0.49805110587383067,-0.19833486566569394,-1.6209650974802974,0.14264115508364109,2.284892044407087,0.39157926402980964,0.11382257179748478,0.5027788656942609,0.7221732061883024,-0.010753910067173633,0.06567548868600132,-0.009391149102629753,-0.003509521484375,0.11382257179748478,0.5027788656942609,0.7221732061883024,-0.010753910067173633,0.06567548868600132,-0.009391149102629753,1.0,0.03428009232733992,-0.2732144026359486,1.1485144234235747,0.04645925484080393,0.1969109155969336,0.9024998346667837,4.882367712310753,0.0,0.0,8,0.0438
60,0,0.0,0.01800566113830597,-0.22693715392510433,1.1806033759702723,0.9961069851229183,-0.009480151782620239,0.08507705812542504,0.021045072873023533,0.003397740399102876,-0.0038765393909069397,-0.16018173051286835,0.4884403733615628,-0.1957733395595348,-1.613604425496127,0.13577101345524584,2.265229341137932,0.4013467818035154,0.08493884177462308,0.5883623636717863,0.7418008046113214,-0.009478515003572302,0.09025739770984059,-0.002104924556081883,-0.005916595458984375,0.08493884177462308,0.5883623636717863,0.7418008046113214,-0.009478515003572302,0.09025739770984059,-0.002104924556081883,1.0,0.034143929328972096,-0.26889979732268615,1.1550768122259731,0.04645925484080393,0.1969109155969336,0.9024998346667837,1.2656523341107908,0.0,0.0,4,0.0517
61,0,0.0,0.018052525071941085,-0.22131155501313893,1.1891455149203118,0.9964139266264498,-0.008818939939528925,0.08156970252995656,0.020685665383954364,0.0026104793289540426,-0.002884719363000493,-0.1558354674719981,0.47696742434198786,-0.19189794481576522,-1.6060591925680154,0.1250954034807219,2.2402895467288193,0.4145639763908825,0.049635078405937394,0.6536760858125292,0.7221732061883024,-0.005874557740517025,0.0866988737368658,0.0003019968905317305,-0.0094451904296875,0.049635078405937394,0.6536760858125292,0.7221732061883024,-0.005874557740517025,0.0866988737368658,0.0003019968905317305,1.0,0.03410801394469623,-0.25870025523250073,1.1514029023679417,0.04645925484080393,0.1969109155969336,0.9024998346667837,1.437834552794966,0.0,0.0,3,0.0394
62,0,0.0,0.017954267070096445,-0.21427671088859848,1.1980906199811692,0.996779102864404,-0.008020646842241963,0.0771039179592116,0.02054446768363602,0.002443402586256701,-0.0025930963923210867,-0.15041625036846176,0.4647664996953821,-0.1867346980380769,-1.5980308445447367,0.11241360662681694,2.2126383251845136,0.4305818052823963,0.0065951748555339584,0.7212420052684703,0.6806357304558668,-0.014657391928498922,0.09044468844526032,0.010785700764693928,-0.006130218505859375,0.0065951748555339584,0.7212420052684703,0.6806357304558668,-0.014657391928498922,0.09044468844526032,0.010785700764693928,1.0,0.0340550918237578,-0.25301253213562125,1.161558785617854,0.04645925484080393,0.1969109155969336,0.9024998346667837,3.6850937464749354,0.0,0.0,7,0.0403
63,0,0.0,0.017668379129141553,-0.2061371703564781,1.2070512601528025,0.9971673777118902,-0.006998315402740485,0.07197556160661156,0.02068243071131317,0.00242449499099967,-0.0025580108243684397,-0.14416530432587282,0.4523098863946146,-0.18043405879153934,-1.5900298921952571,0.09840888719380309,2.183641533286083,0.44825416579528676,-0.0038823195648506337,0.7621569231612346,0.6477709144917421,-0.028995924310198748,0.0956888290370127,0.02579119430215951,-0.0037899017333984375,-0.0038823195648506337,0.7621569231612346,0.6477709144917421,-0.028995924310198748,0.0956888290370127,0.02579119430215951,1.0,0.033335167623439514,-0.24498051647545982,1.1704003114377086,0.04645925484080393,0.1969109155969336,0.9024998346667837,4.175723916898248,0.0,0.0,7,0.0457
64,1,0.7301,0.01721688543187886,-0.19721693700595516,1.2157812070615412,0.9975482513629882,-0.005313829277273363,0.0663681987409593,0.021552531566750865,0.0024165996296676025,-0.0025361211935390014,-0.13718776066073973,0.44005417644695666,-0.1731632294935537,-1.5822023403266987,0.08274247321771304,2.154468979764189,0.46653620136651175,0.04609121999904264,0.7865557274092132,0.6760711726830717,-0.015919904213680044,0.06904672192355643,0.01900347440668851,-0.0067291259765625,0.04609121999904264,0.7865557274092132,0.6760711726830717,-0.015919904213680044,0.06904672192355643,0.01900347440668851,1.0,0.03257239955465973,-0.2361123675644647,1.179028756328087,0.04645925484080393,0.1969109155969336,0.9024998346667837,4.478595339940208,0.0,0.0,7,0.0398
65,0,0.0,0.01717903941213334,-0.1875094240621335,1.224625933747946,0.9978322076052853,-0.0034508120573241152,0.06165300645957357,0.022757068269060245,0.0024154955773400106,-0.0025196628118211634,-0.12970013103236167,0.42835372928773446,-0.16474873432094156,-1.5737364375085787,0.06747701142988455,2.1270127341978364,0.4854513834562958,0.03525420371129184,0.7895586571628106,0.6404676220552699,-0.007720015749212897,0.07522731619240747,0.023817317299915736,-0.00405120849609375,0.03525420371129184,0.7895586571628106,0.6404676220552699,-0.007720015749212897,0.07522731619240747,0.023817317299915736,1.0,0.03231618767554274,-0.22646274807166095,1.187822608954588,0.04645925484080393,0.1969109155969336,0.9024998346667837,4.654412898867039,0.0,0.0,7,0.0376
66,0,0.0,0.01727709336016635,-0.17721704307709574,1.2332216776494176,0.9980661648850416,-0.0017735495114458155,0.0574448215728025,0.02368285262089881,0.002417645020043433,-0.00250704597916807,-0.12202272759416276,0.41745248666672713,-0.15555589813093892,-1.564989500312495,0.05371026429260353,2.1004842945698576,0.504486310079539,0.020102925015147433,0.8056994045883965,0.5952785001045982,-0.008228885496811403,0.07452497593458346,0.024945247015483618,-0.003993988037109375,0.020102925015147433,0.8056994045883965,0.5952785001045982,-0.008228885496811403,0.07452497593458346,0.024945247015483618,1.0,0.032230777707486426,-0.21620634925956142,1.1963625687477193,0.04645925484080393,0.1969109155969336,0.9024998346667837,4.7616328361042255,0.0,0.0,7,0.0448
67,0,0.0,0.01721315323809964,-0.16666625108962713,1.2412684940136824,0.9982867320635266,-6.13985139909512e-05,0.053160328143706845,0.024445374364077274,0.002421487040093266,-0.002497026823500962,-0.11429251518451007,0.4074736130462759,-0.1459578374940574,-1.5562402945208138,0.04102275293401682,2.0743868105679772,0.5230140931297378,0.008033262324998458,0.8173357573835864,0.5286359566217895,-0.008885907196242396,0.06347482254481951,0.022487971563710712,-0.00379180908203125,0.008033262324998458,0.8173357573835864,0.5286359566217895,-0.008885907196242396,0.06347482254481951,0.022487971563710712,1.0,0.031977044295563216,-0.2056784024780359,1.204340307032267,0.04645925484080393,0.1969109155969336,0.9024998346667837,4.82608379502001,0.0,0.0,7,0.0425
68,0,0.0,0.01709859208097616,-0.15597146458495598,1.248739307633172,0.9984781228524522,0.001612201776568678,0.04904932341406649,0.02515954814966846,0.002426318472885494,-0.0024885621051704302,-0.10654043089993555,0.3985294927447199,-0.1360460834761303,-1.5475766241078461,0.02932037222397889,2.0494985600874145,0.541201460708216,-0.0004925419582556545,0.8203386871371838,0.4350625222794897,-0.009304597494899397,0.051535038161811875,0.01799639430350289,-0.002410888671875,-0.0004925419582556545,0.8203386871371838,0.4350625222794897,-0.009304597494899397,0.051535038161811875,0.01799639430350289,1.0,0.03168027314520361,-0.1950050780032019,1.2117460311899846,0.04645925484080393,0.1969109155969336,0.9024998346667837,4.864166282558282,0.0,0.0,7,0.0377
69,0,0.0,0.01702260654157029,-0.1452151490282987,1.2553951109983492,0.9986365147451732,0.003079835070455339,0.0452641749728378,0.02582209320677941,0.0024315025162911998,-0.00248116365844782,-0.09881206533937378,0.39085457292848674,-0.12590842700949142,-1.539366564494768,0.018645389784272146,2.026710585201985,0.5593133195139335,-0.0038823195648506337,0.8297228426171757,0.32756718673016505,-0.007993774790642477,0.04558855731223549,0.013907649084569318,-0.00217437744140625,-0.0038823195648506337,0.8297228426171757,0.32756718673016505,-0.007993774790642477,0.04558855731223549,0.013907649084569318,1.0,0.03142947263723909,-0.18427203791932986,1.2183439067906294,0.04645925484080393,0.1969109155969336,0.9024998346667837,4.887219864564953,0.0,0.0,7,0.0425
70,0,0.0,0.01699556214039731,-0.13439635398546562,1.2609096272030518,0.9987729178974527,0.004292090829156936,0.04170177303517296,0.026366618225407666,0.002437022162393878,-0.0024742311684175715,-0.09112333597062626,0.38465407849507677,-0.11555594818756042,-1.5320667534418548,0.008997791965223694,2.006460872053714,0.5774889410725583,0.01691858847561878,0.8361040683435701,0.246318058374412,-0.005310936184632603,0.04390294069345796,0.011933772082325517,-0.0024394989013671875,0.01691858847561878,0.8361040683435701,0.246318058374412,-0.005310936184632603,0.04390294069345796,0.011933772082325517,1.0,0.031224481058029628,-0.17347443294443335,1.2237988971424454,0.04645925484080393,0.1969109155969336,0.9024998346667837,4.901925078124815,0.0,0.0,7,0.0373
71,0,0.0,0.017102861938270084,-0.12347741871561826,1.2652099431329675,0.9988896550560914,0.005319646386641397,0.038402369975094705,0.026765955326472406,0.0024427299662290055,-0.002467595728931734,-0.0834712526614056,0.380039290933113,-0.10495796381300498,-1.525681011647807,0.000334075009431431,1.9889921473570025,0.5957179193670664,0.05037980227405292,0.8315996737131739,0.17670855233928662,-0.0024231808843761804,0.03163539752346578,0.010080744692464005,-0.003711700439453125,0.05037980227405292,0.8315996737131739,0.17670855233928662,-0.0024231808843761804,0.03163539752346578,0.010080744692464005,1.0,0.031158771748743663,-0.16257028487773567,1.2280365102059907,0.04645925484080393,0.1969109155969336,0.9024998346667837,4.9112987802601165,0.0,0.0,7,0.0375
72,1,0.8187,0.01755440085121949,-0.11250239340648749,1.2684753793667978,0.9989759979693976,0.006195402822691376,0.03574183930544502,0.027038738653508938,0.002448283778431154,-0.0024613958631649812,-0.07589115179477804,0.37708882000262123,-0.09417272986535928,-1.5198250237315198,-0.007323919943449095,1.9748070977404173,0.6139393704834968,0.044036809328378945,0.7940630517932068,0.16347133479818066,-0.009291714716479174,0.001270887043542418,0.002064387071106538,-0.00469970703125,0.044036809328378945,0.7940630517932068,0.16347133479818066,-0.009291714716479174,0.001270887043542418,0.002064387071106538,1.0,0.031473510330164975,-0.15160368316266332,1.2312478588376568,0.04645925484080393,0.1969109155969336,0.9024998346667837,4.916938664832985,0.0,0.0,7,0.0715
73,0,0.0,0.018374972197427092,-0.10182637847096736,1.2713024844568819,0.9990163347886271,0.0066736796191727565,0.03417434944087361,0.02745794358888865,0.002452360116936704,-0.002456795081581261,-0.06847662820911382,0.37507190959466863,-0.08362667832354115,-1.5142720952289186,-0.014483197943656649,1.963964872757106,0.6324083622249694,0.049147155871654746,0.7996935450812017,0.06961261559508136,-0.004066137719779275,-0.00815803091774453,0.0031117503784195977,-0.0034885406494140625,0.049147155871654746,0.7996935450812017,0.06961261559508136,-0.004066137719779275,-0.00815803091774453,0.0031117503784195977,1.0,0.03221077807961322,-0.14095236813904444,1.2340611122955811,0.04645925484080393,0.1969109155969336,0.9024998346667837,4.920916029083876,0.0,0.0,7,0.057
74,0,0.0,0.01936468976179856,-0.09128531214700142,1.2735075449517335,0.999033883350632,0.006909994884842563,0.033329698257285684,0.027797177952525492,0.002456965840882816,-0.0024517654764006453,-0.06119605551457039,0.37377292043017474,-0.0731639378562641,-1.5097277422160222,-0.020946798391392966,1.9560702087134962,0.6508658199459662,0.053435738146665135,0.8079516019035946,0.024808628206489214,-0.004344727803116441,-0.02090550659724974,0.003675715236203525,-0.001667022705078125,0.053435738146665135,0.8079516019035946,0.024808628206489214,-0.004344727803116441,-0.02090550659724974,0.003675715236203525,1.0,0.0331547578475332,-0.130438589255395,1.2362683360498123,0.04645925484080393,0.1969109155969336,0.9024998346667837,4.925267188072368,0.0,0.0,7,0.0559
75,0,0.0,0.02050154933870187,-0.08069542074582113,1.2749360111416672,0.9990367878323787,0.007149967276804725,0.03307022006353996,0.0279416368606294,0.002461522967664719,-0.0024469071839371796,-0.053997104396332915,0.373168580979084,-0.06262440403767257,-1.506423512670806,-0.02674803513757123,1.9511537974746558,0.6691044774594669,0.055798310417928376,0.8210894195755831,-0.006362308896637359,-0.005539605501591424,-0.033530072731635774,0.0033735912052478556,-0.0010776519775390625,0.055798310417928376,0.8210894195755831,-0.006362308896637359,-0.005539605501591424,-0.033530072731635774,0.0033735912052478556,1.0,0.03429036590960112,-0.11985887682116585,1.2376980338809354,0.04645925484080393,0.1969109155969336,0.9024998346667837,4.9278649501522915,0.0,0.0,7,0.0548
76,0,0.0,0.021759137415819106,-0.07004525228592523,1.2758761237020748,0.9990176541657287,0.007411967242720197,0.033509149029745444,0.028034377790463798,0.0024660686050916253,-0.0024421278768627813,-0.04682320581066319,0.3728638829422453,-0.05198776887238256,-1.5042985403429787,-0.03229290275747635,1.949020913867371,0.6873231986219873,0.05245989307809995,0.8315996737131739,-0.034202545249927496,-0.004043592857543896,-0.04564544217909941,0.003172175184610715,-0.0006570816040039062,0.05245989307809995,0.8315996737131739,-0.034202545249927496,-0.004043592857543896,-0.04564544217909941,0.003172175184610715,1.0,0.035602290652287386,-0.109213451552523,1.2386545039013794,0.04645925484080393,0.1969109155969336,0.9024998346667837,4.92998420905934,0.0,0.0,7,0.0564
77,0,0.0,0.02305840882611644,-0.05927476133206303,1.2764534112681316,0.9989782971361936,0.007667645482677843,0.03458236215883266,0.028064733940246583,0.0024707258658603895,-0.0024373005855363268,-0.03963949435843239,0.37260420194222427,-0.041210389447097644,-1.5033863438721184,-0.03768847481652127,1.9493146448504128,0.7056990858456226,0.06054913509383797,0.8379808994395683,-0.063672471370536,-0.0013146580599991964,-0.055923021285256974,0.004199396889860041,-0.0007953643798828125,0.06054913509383797,0.8379808994395683,-0.063672471370536,-0.0013146580599991964,-0.055923021285256974,0.004199396889860041,1.0,0.03700453461411798,-0.09844240989519992,1.239260696581105,0.04645925484080393,0.1969109155969336,0.9024998346667837,4.931904669526369,0.0,0.0,7,0.0586
78,0,0.0,0.024415916753790852,-0.048367823191918714,1.276699215444148,0.9989174913297483,0.007923879621625218,0.036306594157275975,0.027980151320566513,0.0024754287017755374,-0.0024324923295416935,-0.032453765577902145,0.3724448530521189,-0.03029784026450598,-1.5035524367921167,-0.04289952256923004,1.9520117357795266,0.7242069386792903,0.0642470743010326,0.8368548007819694,-0.08872048214874917,-0.0001393058225673538,-0.061050105167372026,0.004179255287796335,-0.0008382797241210938,0.0642470743010326,0.8368548007819694,-0.08872048214874917,-0.0001393058225673538,-0.061050105167372026,0.004179255287796335,1.0,0.03851429836182645,-0.08752587554555652,1.2395446183379664,0.04645925484080393,0.1969109155969336,0.9024998346667837,4.9331074505012715,0.0,0.0,7,0.0506
79,0,0.0,0.02580826873224994,-0.03740333916569846,1.2765769849036321,0.9988349770330974,0.008172991377547512,0.038580029680953074,0.027811367766624007,0.002479894263931064,-0.0024279465247247283,-0.025294370806998534,0.3724677669794905,-0.01934939381358671,-1.5047241687139643,-0.04805005807965456,1.9569113487755798,0.7428032974241588,0.07413392565360144,0.8394823643163671,-0.11861833556055712,-1.6114253924046085e-05,-0.06481933121769407,0.0038569896547769322,-0.0015783309936523438,0.07413392565360144,0.8394823643163671,-0.11861833556055712,-1.6114253924046085e-05,-0.06481933121769407,0.0038569896547769322,1.0,0.040101279533993034,-0.0765441353999467,1.2394695866392644,0.04645925484080393,0.1969109155969336,0.9024998346667837,4.934214700783207,0.0,0.0,7,0.0527
80,1,0.7708,0.02721303943275029,-0.026428474505942892,1.2760292470964167,0.9987296928595011,0.008409530189493974,0.04130319249359716,0.027610264261576506,0.0024842307312060324,-0.002423554697529393,-0.01816267554284278,0.37277186977967713,-0.008415382343518572,-1.5068703360430675,-0.05330810275138557,1.9639086900867384,0.7615199578049655,0.0933073552409045,0.8541216468651542,-0.14383751725525007,-0.0033752987269952267,-0.08691963799722195,-0.0003022511713796361,-0.0007219314575195312,0.0933073552409045,0.8541216468651542,-0.14383751725525007,-0.0033752987269952267,-0.08691963799722195,-0.0003022511713796361,1.0,0.04173337561028504,-0.06554950001129095,1.2389802742750589,0.04645925484080393,0.1969109155969336,0.9024998346667837,4.935038596226682,0.0,0.0,7,0.0556
81,0,0.0,0.028845834159850633,-0.015425249644277916,1.2751882881786918,0.9985760782811786,0.008543756950481207,0.04492898300182282,0.027462821926620144,0.002488483294000621,-0.0024192510976040627,-0.011010838375537835,0.3734935598409131,0.002520173395336398,-1.5096867350261438,-0.05896474898684635,1.9737896190827209,0.7807491442869682,0.08948743540013926,0.8620043374683475,-0.17658821927505508,-0.0031506552782927105,-0.08003670347054695,0.0002113596812450269,-0.0015716552734375,0.08948743540013926,0.8620043374683475,-0.17658821927505508,-0.0031506552782927105,-0.08003670347054695,0.0002113596812450269,1.0,0.04365230070972973,-0.05453219457825046,1.238228588688409,0.04645925484080393,0.1969109155969336,0.9024998346667837,4.934550638694207,0.0,0.0,7,0.0516
82,0,0.0,0.03047359766021902,-0.004317782857774151,1.2738501096121604,0.9983898570702616,0.008596140721983614,0.048938136718097464,0.02736527797173085,0.00249290976090654,-0.0024147403985988157,-0.003789242556878422,0.3745936341799407,0.01352723848726123,-1.513507576479598,-0.06515546588505325,1.9856402145767251,0.8005902694338185,0.09417245473425429,0.8706377605099398,-0.20968126312781954,-0.0034139470622558676,-0.07231096063448317,0.0005739085183918413,-0.0013418197631835938,0.09417245473425429,0.8706377605099398,-0.20968126312781954,-0.0034139470622558676,-0.07231096063448317,0.0005739085183918413,1.0,0.045592258001166897,-0.043415174437821474,1.2369970875210108,0.04645925484080393,0.1969109155969336,0.9024998346667837,4.936149701661043,0.0,0.0,7,0.0527
83,0,0.0,0.03193987815438834,0.006911102083155522,1.2718775191723481,0.9981895299725503,0.008671949320733119,0.05289319625434288,0.02729046240275968,0.0024974184526055255,-0.002410219130886623,0.0035056072407766794,0.3761996063115323,0.02461113074449779,-1.5182424140460338,-0.0718695787678743,1.9987038794647396,0.8208568779173674,0.10325519691025864,0.8743914227019367,-0.2557832966330502,-0.0046716283055294044,-0.07085945743498029,0.0011580149782395022,-0.0009264945983886719,0.10325519691025864,0.8743914227019367,-0.2557832966330502,-0.0046716283055294044,-0.07085945743498029,0.0011580149782395022,1.0,0.04736617216039695,-0.032178342078769885,1.2351336357594926,0.04645925484080393,0.1969109155969336,0.9024998346667837,4.9372364568050475,0.0,0.0,7,0.0531
84,0,0.0,0.03335792103528116,0.01821809590176939,1.2692532154471776,0.997968003422931,0.008789741502363946,0.05691220229858956,0.02726913672805649,0.0025018380923995218,-0.0024058343767445604,0.010867023907409313,0.3786241329279185,0.035706107892626744,-1.5235425726332605,-0.07920721136525326,2.0131797095919706,0.8415159862355487,0.11181952139358775,0.871763859167539,-0.3039393811360386,-0.00720148391779922,-0.06683270662345614,0.0015407054174500223,-0.001209259033203125,0.11181952139358775,0.871763859167539,-0.3039393811360386,-0.00720148391779922,-0.06683270662345614,0.0015407054174500223,1.0,0.049098368326809694,-0.020866418290005233,1.2326272295957896,0.04645925484080393,0.1969109155969336,0.9024998346667837,4.937494263170979,0.0,0.0,7,0.0597
85,0,0.0,0.03477192954699315,0.029524513305390625,1.265901325634741,0.9977233548910472,0.00894881484906268,0.0609862518522098,0.027362435980158705,0.002505992810730998,-0.002401721039553169,0.01828433653962928,0.38211224185474985,0.04670731584852927,-1.529225740325328,-0.0873274862746543,2.0290662712437495,0.8625568655593676,0.12390202415042828,0.8657579996603442,-0.3730924313938846,-0.009472073614362198,-0.06158856603170376,0.002003962264915421,-0.0004494190216064453,0.12390202415042828,0.8657579996603442,-0.3730924313938846,-0.009472073614362198,-0.06158856603170376,0.002003962264915421,1.0,0.050833132237643304,-0.009561814929016406,1.2294065148587008,0.04645925484080393,0.1969109155969336,0.9024998346667837,4.937681159801533,0.0,0.0,7,0.0602
86,0,0.0,0.03619915817113299,0.0407750061324414,1.261662641286483,0.9974609013208107,0.009155130624017516,0.0650120333165876,0.02759292379532383,0.0025098960563653913,-0.002397868553465804,0.025750192324403797,0.38698760680804206,0.057525465393238336,-1.5351633692102022,-0.09630465570690035,2.0463281969625067,0.8839499858063286,0.1443434103235316,0.8653826334411445,-0.47054573984306014,-0.014612302204028177,-0.05002336311953556,0.002064387071106538,0.00141143798828125,0.1443434103235316,0.8653826334411445,-0.47054573984306014,-0.014612302204028177,-0.05002336311953556,0.002064387071106538,1.0,0.052579761711942126,0.001677979218156057,1.2253112284822982,0.04645925484080393,0.1969109155969336,0.9024998346667837,4.937899837284438,0.0,0.0,7,0.0572
87,0,0.0,0.037669183435654105,0.05194063155568324,1.2561972336460627,0.9971923335520572,0.009434138443681683,0.06880726219496629,0.0280001358221716,0.0025135883080072696,-0.0023942444079344326,0.033283959989409764,0.3938280460215399,0.06808984735600043,-1.54125429044089,-0.10628594593557873,2.0650296219269757,0.9057197371184447,0.18075783946104473,0.8755175213595356,-0.5755305686173477,-0.019359606051877573,-0.03955849327795827,0.001480280611258905,0.0010061264038085938,0.18075783946104473,0.8755175213595356,-0.5755305686173477,-0.019359606051877573,-0.03955849327795827,0.001480280611258905,1.0,0.0543564426377125,0.012821747477588312,1.2199987585372152,0.04645925484080393,0.1969109155969336,0.9024998346667837,4.938042861910285,0.0,0.0,7,0.0592
88,1,0.8144,0.039304551433324036,0.06307884143009877,1.2492432065707972,0.9969185192056493,0.009802419008506924,0.07239100899798316,0.028581820492224214,0.002517347402524422,-0.002390596074897615,0.040949191467708694,0.40331722848122853,0.07839607362756021,-1.5471099445331373,-0.11743013276720399,2.0854891675441696,0.928031563107965,0.17716262078738343,0.8818987470859301,-0.563206262630801,-0.024087585732096656,-0.05156851168674831,0.006696955545760358,-0.0012445449829101562,0.17716262078738343,0.8818987470859301,-0.563206262630801,-0.024087585732096656,-0.05156851168674831,0.006696955545760358,1.0,0.05628775153949635,0.023927458157047662,1.213206922519462,0.04645925484080393,0.1969109155969336,0.9024998346667837,4.937619425954439,0.0,0.0,7,0.0379
89,0,0.0,0.04114538748148848,0.0742592319653811,1.2415842750502073,0.9966012387673664,0.01036371286469151,0.07626460196471846,0.029364516515183688,0.0025209869503086796,-0.0023870845646885284,0.04881912094885038,0.41463821326736533,0.08848503044620425,-1.5520568018578027,-0.12999207099092722,2.107205440649922,0.9508566324748589,0.19262206108412738,0.8909075363467223,-0.6800589416143558,-0.032422743369976054,-0.039839429381087865,0.008872248568641272,-0.00284576416015625,0.19262206108412738,0.8909075363467223,-0.6800589416143558,-0.032422743369976054,-0.039839429381087865,0.008872248568641272,1.0,0.05845757996713413,0.03506905948083636,1.2057360792519412,0.04645925484080393,0.1969109155969336,0.9024998346667837,4.936297874393583,0.0,0.0,7,0.0366
90,0,0.0,0.04300621071620331,0.08546290110447381,1.2330585012968807,0.9962599310015987,0.011211800289701035,0.08007967029279985,0.030458033763670355,0.002524515047477563,-0.002383638647118691,0.05695391624739569,0.42791927764564136,0.09829058862927244,-1.5563171175957429,-0.1441997625096108,2.129627053734105,0.974193982011996,0.19313566375179325,0.8879046065931249,-0.7567435121973136,-0.04089961157047785,-0.03802505038170925,0.010785700764693928,-0.004154205322265625,0.19313566375179325,0.8879046065931249,-0.7567435121973136,-0.04089961157047785,-0.03802505038170925,0.010785700764693928,1.0,0.06066507358221894,0.046217822728359344,1.1974286110228725,0.04645925484080393,0.1969109155969336,0.9024998346667837,4.9370796961086825,0.0,0.0,7,0.0359
91,0,0.0,0.04488554098769657,0.09660898301584117,1.2232912453534919,0.995904020567622,0.012299542948249365,0.08367891509360456,0.03196470286528906,0.002527693441417428,-0.0023806183765418664,0.06540255411607371,0.44364107816193443,0.10762993202937134,-1.5598247078480405,-0.1603455637423078,2.152852306939791,0.998273193126499,0.22369502247791506,0.8788958173323327,-0.8302328923393149,-0.04360499503872309,-0.03861033392989591,0.012175471307090069,-0.005275726318359375,0.22369502247791506,0.8788958173323327,-0.8302328923393149,-0.04360499503872309,-0.03861033392989591,0.012175471307090069,1.0,0.06288882741828884,0.05728798777368722,1.1879068672724258,0.04645925484080393,0.1969109155969336,0.9024998346667837,4.936719357228611,0.0,0.0,7,0.0362
92,0,0.0,0.046927814077115784,0.10768716537474074,1.2124694042197122,0.9955057066109507,0.0135507252556335,0.08743904261614965,0.03375173738413715,0.002530650791616676,-0.002377861825650678,0.07418038827148353,0.46192184379058016,0.11635412402557381,-1.5621097208484735,-0.17833893740636045,2.1772800671773362,1.0231789650048992,0.2899497666068177,0.8421099278507649,-0.9078303744768318,-0.037627385851743106,-0.02986619771998736,0.011853205674070694,-0.00604248046875,0.2899497666068177,0.8421099278507649,-0.9078303744768318,-0.037627385851743106,-0.02986619771998736,0.011853205674070694,1.0,0.06529623946275631,0.06827577177394366,1.1773624705686323,0.04645925484080393,0.1969109155969336,0.9024998346667837,4.936078817948656,0.0,0.0,7,0.0385
93,0,0.0,0.04932254911698032,0.11861539586574028,1.2004176920039447,0.9950670219745428,0.01479524100851598,0.09146870800416895,0.03544288473391082,0.0025330564300867476,-0.0023756745938852473,0.0831851707685542,0.48348887709837357,0.12418351995472578,-1.5625207102107066,-0.19744123832704896,2.203333423424541,1.04862688948592,0.34767870645246635,0.7899340233820102,-0.9429774693273542,-0.03183013556264615,-0.017437701574243847,0.012356745725663476,-0.00710296630859375,0.34767870645246635,0.7899340233820102,-0.9429774693273542,-0.03183013556264615,-0.017437701574243847,0.012356745725663476,1.0,0.06807452526835589,0.07912307145888037,1.1655937671139125,0.04645925484080393,0.1969109155969336,0.9024998346667837,4.937054984190435,0.0,0.0,7,0.0409
94,0,0.0,0.05210060667370396,0.12915120475213665,1.1871815485566521,0.9946139298436092,0.015927668361765235,0.09557577615420901,0.036806398277050414,0.002534372744403974,-0.00237465005916673,0.0922572545942527,0.5084998019994809,0.13077899076458516,-1.56039650870487,-0.21683643229689217,2.230338212318983,1.0738808319087352,0.37089354703096544,0.7523974014620431,-0.9493678502092673,-0.029768891015411678,-0.014453121280709552,0.015116145208392051,-0.005916595458984375,0.37089354703096544,0.7523974014620431,-0.9493678502092673,-0.029768891015411678,-0.014453121280709552,0.015116145208392051,1.0,0.0712338392681319,0.0896027185573318,1.1526194741458788,0.04645925484080393,0.1969109155969336,0.9024998346667837,4.939257759478463,0.0,0.0,7,0.0384
95,0,0.0,0.05518665646477962,0.13916747789871717,1.1733015268025913,0.9941542312006908,0.01706370401860663,0.09965513709263608,0.03788203059466936,0.002534750364865632,-0.0023746680480707513,0.10136695580778718,0.5362509272526408,0.13605444319822527,-1.5552076559855845,-0.23617768835286118,2.256983551130916,1.0982177071343637,0.3889723609328056,0.7189898079532722,-0.9557582310911804,-0.029949249913294687,-0.008204853601599449,0.018802058386051396,-0.00485992431640625,0.3889723609328056,0.7189898079532722,-0.9557582310911804,-0.029949249913294687,-0.008204853601599449,0.018802058386051396,1.0,0.0746990536834747,0.09958651249899707,1.138981281856036,0.04645925484080393,0.1969109155969336,0.9024998346667837,4.941203328984081,0.0,0.0,7,0.038
96,1,0.7263,0.05846844665818826,0.14867529068647645,1.1591186840016852,0.9936941762208451,0.018366176501887987,0.10358126028439783,0.038800647203003406,0.00253440365659199,-0.0023755130276409096,0.11057964532838134,0.5661691191034302,0.14007498600868887,-1.5468050726797282,-0.2553515725886973,2.2823178147388026,1.121218149413204,0.3550745848668554,0.7141100471036765,-0.9484549386547083,-0.03739549584017923,-0.011028846721600039,0.018600642365414255,-0.00919342041015625,0.3550745848668554,0.7141100471036765,-0.9484549386547083,-0.03739549584017923,-0.011028846721600039,0.018600642365414255,1.0,0.07836097267383131,0.10907979153890243,1.1250280210745947,0.04645925484080393,0.1969109155969336,0.9024998346667837,4.943149483885163,0.0,0.0,7,0.0374
97,0,0.0,0.06174995126258123,0.15772693482730818,1.144929716310729,0.9932402522941309,0.019864402203519815,0.10719670184928458,0.03985064441664921,0.0025335185483122778,-0.0023769683096682495,0.12006015285961376,0.5974263114384687,0.14296492737146754,-1.5354617280822478,-0.27463185984852434,2.305338551392999,1.1431386352012978,0.30289255383199876,0.6885851441980988,-0.9658002581913296,-0.037421261397019664,0.00241804279798824,0.027402522467256496,-0.007747650146484375,0.30289255383199876,0.6885851441980988,-0.9658002581913296,-0.037421261397019664,0.00241804279798824,0.027402522467256496,1.0,0.08201288897131558,0.11811583190931535,1.111072091418711,0.04645925484080393,0.1969109155969336,0.9024998346667837,4.94368027031083,0.0,0.0,7,0.0371
98,0,0.0,0.06462024699277633,0.16655324921673437,1.1307220054302147,0.992843292800154,0.02170890654905333,0.1099944552329372,0.041135618826022534,0.0025327962280210768,-0.002378335732537851,0.12993569142343644,0.6293182725033512,0.145127109903863,-1.522040257130567,-0.2936866016072546,2.325105060540575,1.1638542357452792,0.2640641921564558,0.7028490605276863,-0.9575840542002985,-0.04239401386722283,0.008668871092621655,0.03324358706573302,-0.0055999755859375,0.2640641921564558,0.7028490605276863,-0.9575840542002985,-0.04239401386722283,0.008668871092621655,0.03324358706573302,1.0,0.08521980581368632,0.12692010045308963,1.0970905197355656,0.04645925484080393,0.1969109155969336,0.9024998346667837,4.945721533918626,0.0,0.0,7,0.0381
99,0,0.0,0.06702908616381303,0.17532176113828002,1.1165773911088543,0.992502224793466,0.024030862147901955,0.11202386125912213,0.04257353582972134,0.0025322121664443156,-0.0023796443396346314,0.14025440227184885,0.6615812228901496,0.1467892199648621,-1.5067476075733293,-0.3122415951961633,2.3418087679900115,1.1831333160947513,0.2576955190773985,0.7279985972140643,-0.9343048095590434,-0.05731227127783235,0.003951485694237256,0.029094417040608334,-0.00505828857421875,0.2576955190773985,0.7279985972140643,-0.9343048095590434,-0.05731227127783235,0.003951485694237256,0.029094417040608334,1.0,0.08794217256029582,0.1356704177818317,1.0831582972521379,0.04645925484080393,0.1969109155969336,0.9024998346667837,4.945521464542315,0.0,0.0,7,0.0379
100,0,0.0,0.0692991767216892,0.1839791228358649,1.102761375795116,0.9921343968064611,0.02659788653672318,0.1139738430122426,0.044405565127339446,0.0025310471033439426,-0.0023814932608281084,0.15118576525187813,0.6942783702265392,0.14769772839101036,-1.489109805869169,-0.33121265691771495,2.356183947669131,1.2019753538856597,0.2655022796259202,0.6844561157869025,-0.8786172047309431,-0.05983729584819458,-0.0004030239042714101,0.01634478293427849,-0.0073699951171875,0.2655022796259202,0.6844561157869025,-0.8786172047309431,-0.05983729584819458,-0.0004030239042714101,0.01634478293427849,1.0,0.09053429544181212,0.14429231547031107,1.0695866126035323,0.04645925484080393,0.1969109155969336,0.9024998346667837,4.943385763843284,0.0,0.0,7,0.0374
101,0,0.0,0.0716227947729863,0.19234419684952664,1.0894854061519896,0.991711321738903,0.028799005318194848,0.11615422131908876,0.04677038055559921,0.0025288701307329764,-0.0023842649333516716,0.16272624482447504,0.727255760222945,0.14760381574347886,-1.4688754791422935,-0.35076535240902806,2.3682299932108575,1.2215079172742542,0.23406979636476644,0.6086321395085685,-0.8147133959118116,-0.05942504693874769,0.002558510849553025,0.011933772082325517,-0.00870513916015625,0.23406979636476644,0.6086321395085685,-0.8147133959118116,-0.05942504693874769,0.002558510849553025,0.011933772082325517,1.0,0.09316531202542144,0.15257728879875115,1.0566062655184245,0.04645925484080393,0.1969109155969336,0.9024998346667837,4.942230396714242,0.0,0.0,7,0.0389
102,0,0.0,0.07377515511638277,0.2002527712181973,1.0769382833478471,0.9912953896122972,0.030404186983952197,0.1180847172443566,0.049649123865055926,0.0025256816167099276,-0.002388018103013634,0.17461688965035138,0.7596193209991363,0.14668154122448787,-1.4467609580539744,-0.3699339806007249,2.3768333489680797,1.2412973634452475,0.15774843994961185,0.5421923187102267,-0.7786533895067301,-0.05419463890014021,0.008821044815150197,0.011107966397713331,-0.010711669921875,0.15774843994961185,0.5421923187102267,-0.7786533895067301,-0.05419463890014021,0.008821044815150197,0.011107966397713331,1.0,0.09555924112250669,0.16035267415997712,1.0443832042626635,0.04645925484080393,0.1969109155969336,0.9024998346667837,4.942216501617639,0.0,0.0,7,0.0392
103,0,0.0,0.07536048285030858,0.20772906611182745,1.06516590523024,0.9909643343940102,0.03163469299265442,0.11911526603750511,0.05291963298351816,0.002522051571146438,-0.0023922346687723756,0.1866133056699908,0.7903978993275897,0.14538147087912898,-1.4240878068603176,-0.3875518367636405,2.3812623052291717,1.2602068926826488,0.046656182933475066,0.4310839178271235,-0.7485273082062824,-0.031160231084794945,0.02477587433871825,0.012799860971065141,-0.0076904296875,0.046656182933475066,0.4310839178271235,-0.7485273082062824,-0.031160231084794945,0.02477587433871825,0.012799860971065141,1.0,0.09729173739317282,0.1676541168542643,1.0329283620352303,0.04645925484080393,0.1969109155969336,0.9024998346667837,4.942251215375579,0.0,0.0,7,0.0378
104,1,0.736,0.0759343110644046,0.21482744054941208,1.0541126520162933,0.9908262913282144,0.03254715387099266,0.11853561280285328,0.05615382164310176,0.002517900290550986,-0.002396946686678548,0.19828926189145696,0.8185685094267854,0.1442830415017933,-1.4026307088640166,-0.40185741157540583,2.3813313095791337,1.2770434765608716,-0.09134885386835556,0.23655037472689344,-0.8033020014798238,-0.031289058868997105,0.037862814476171736,0.020373103347020943,-0.001049041748046875,-0.09134885386835556,0.23655037472689344,-0.8033020014798238,-0.031289058868997105,0.037862814476171736,0.020373103347020943,1.0,0.09787700898076139,0.17456465439221933,1.0221202040786825,0.04645925484080393,0.1969109155969336,0.9024998346667837,4.942460706852564,0.0,0.0,7,0.0374
105,0,0.0,0.07530374033501835,0.22068398488764845,1.0434423772098465,0.9909115929851029,0.033333053980516336,0.11581104433661304,0.059757212198361886,0.002510392683303128,-0.0024048688303667503,0.20903445887324057,0.843468630601364,0.1427704746977464,-1.3843283139757852,-0.41260212096260995,2.3773656978769626,1.2905047072833693,-0.13490236008642487,0.14789356582967084,-0.8242989672346812,-0.01450923997666645,0.05542132092177121,0.022810237196730115,0.0006113052368164062,-0.13490236008642487,0.14789356582967084,-0.8242989672346812,-0.01450923997666645,0.05542132092177121,0.022810237196730115,1.0,0.09709725262861413,0.1801989629276882,1.011635283507339,0.04645925484080393,0.1969109155969336,0.9024998346667837,4.941964384738663,0.0,0.0,7,0.0362
106,0,0.0,0.07380860668150217,0.22533651777671052,1.0328533277944565,0.9911509649986817,0.03428106564606381,0.1116040786952687,0.06315934403500101,0.0025029515960249215,-0.0024126176493224744,0.21854241573724625,0.8659154715053043,0.1408930161461169,-1.3692896897575615,-0.4195098514263287,2.3723338287752633,1.2999831201138456,-0.14455809023854405,0.10948744325351056,-0.8370797289985076,-0.00607102011142531,0.047227351247158156,0.019648005672727314,-0.0025424957275390625,-0.14455809023854405,0.10948744325351056,-0.8370797289985076,-0.00607102011142531,0.047227351247158156,0.019648005672727314,1.0,0.09536200710608773,0.18463891203725102,1.001158247408857,0.04645925484080393,0.1969109155969336,0.9024998346667837,4.9411462689823855,0.0,0.0,7,0.0368
107,0,0.0,0.07213203244788838,0.22907462026607955,1.0223569041263947,0.9914402509053669,0.035259576228850564,0.10718427326158231,0.06568502671271412,0.002494913162496307,-0.0024208669289346335,0.226796238786244,0.8870721898526425,0.13853750041342042,-1.3563238206504291,-0.42310749718471174,2.3691124233117957,1.3062265434498468,-0.1435308849032122,0.06343616650974448,-0.8393620078849051,-0.006019488997744446,0.03865880010170558,0.015720393270303418,-0.0021572113037109375,-0.1435308849032122,0.06343616650974448,-0.8393620078849051,-0.006019488997744446,0.03865880010170558,0.015720393270303418,1.0,0.09343884522111393,0.18822548620813864,0.990694946482369,0.04645925484080393,0.1969109155969336,0.9024998346667837,4.93910455747603,0.0,0.0,7,0.0372
108,0,0.0,0.07058126257470425,0.2318247521341248,1.0119326359222787,0.9917042876619363,0.03614276482665274,0.10314396949224754,0.06765816980231086,0.0024861347119784077,-0.0024297188023936237,0.2339919321127978,0.9074035512652062,0.13533705985334116,-1.344913212750238,-0.42484798893726095,2.368330837491474,1.310468680570535,-0.1252466299343057,0.0150373846216868,-0.8306893481165945,-0.009124238597016374,0.03332101414224334,0.01662676536317048,-0.00237274169921875,-0.1252466299343057,0.0150373846216868,-0.8306893481165945,-0.009124238597016374,0.03332101414224334,0.01662676536317048,1.0,0.0916662657249328,0.1908623880768546,0.980274988681957,0.04645925484080393,0.1969109155969336,0.9024998346667837,4.9381654633237,0.0,0.0,7,0.0352
109,0,0.0,0.06920118844551382,0.23360367888624708,1.0015551637318707,0.9919147145273186,0.03702695954302354,0.09955666306030315,0.06944547653723146,0.0024771591061718366,-0.0024386995756561372,0.24031371566070217,0.9271281373286586,0.13125527645725782,-1.3347117825437675,-0.42570177810900023,2.3696220474878382,1.3132414074905079,-0.10542156696240157,-0.0034024808964970843,-0.7955422532660721,-0.01287956850650919,0.03800328252773652,0.01793596949731177,-0.002735137939453125,-0.10542156696240157,-0.0034024808964970843,-0.7955422532660721,-0.01287956850650919,0.03800328252773652,0.01793596949731177,1.0,0.09009700406319124,0.19254300475947103,0.9699064106023869,0.04645925484080393,0.1969109155969336,0.9024998346667837,4.938317162235402,0.0,0.0,7,0.036
110,0,0.0,0.06792076865969557,0.23467046081899673,0.9912682284760493,0.9920787797077601,0.03808592936826205,0.09630335558813692,0.07109726112995482,0.002468691291370626,-0.0024471474384690343,0.24591754964980989,0.9463180679460068,0.12665522681765548,-1.3254133028158224,-0.42591774260182896,2.372358267031832,1.314612465935683,-0.09853929121567828,-0.024329147616878877,-0.728443254005984,-0.01343996936778856,0.05106681132326257,0.012477595338045766,-0.00402069091796875,-0.09853929121567828,-0.024329147616878877,-0.728443254005984,-0.01343996936778856,0.05106681132326257,0.012477595338045766,1.0,0.0886656236811155,0.19352795563543862,0.9596327169434647,0.04645925484080393,0.1969109155969336,0.9024998346667837,4.938776724456249,0.0,0.0,7,0.0468
111,0,0.0,0.0665472658224161,0.23524050148020037,0.9812949279322182,0.9922441968904809,0.039166990691530235,0.0929432705292632,0.07265637646247108,0.0024604782701407282,-0.0024552944439732655,0.2508590725951587,0.9645401405092018,0.12203996857343098,-1.3169430204058947,-0.4252804084689572,2.37500922873781,1.3148795572214143,-0.11702898725165112,-0.042534409248062954,-0.6654523567414115,-0.014277349965102562,0.060290880042684125,0.009315363814042937,-0.0046844482421875,-0.11702898725165112,-0.042534409248062954,-0.6654523567414115,-0.014277349965102562,0.060290880042684125,0.009315363814042937,1.0,0.08713712859331407,0.19402300298013953,0.949661853173139,0.04645925484080393,0.1969109155969336,0.9024998346667837,4.939351070728607,0.0,0.0,7,0.0571
112,1,0.7391,0.06494053747889979,0.23544972318565496,0.9719272237363734,0.9924503212226554,0.039995112167978186,0.08912874479009458,0.07415401378118561,0.002452518346155577,-0.0024631430852385615,0.25517271763761973,0.981217976910577,0.11776749724206571,-1.3093996497934368,-0.4235743818864108,2.3763282194982707,1.3144368571716554,-0.15215940971999953,-0.007625350862493496,-0.612503486576988,-0.012828037392828326,0.06806344556260285,-0.0011683400601192606,-0.00016832351684570312,-0.15215940971999953,-0.007625350862493496,-0.612503486576988,-0.012828037392828326,0.06806344556260285,-0.0011683400601192606,1.0,0.08532434894489371,0.19414934216179427,0.940274647762177,0.04645925484080393,0.1969109155969336,0.9024998346667837,4.940446953332753,0.0,0.0,7,0.0389
113,0,0.0,0.06300818567645586,0.23562989475040935,0.9632734329564322,0.9927123264924276,0.04049584002573314,0.08481487781392481,0.07542387070423605,0.00244553787963438,-0.0024699906106804064,0.2590204472918235,0.9961737658266002,0.11421069629388417,-1.3028842740912976,-0.4207551823634789,2.3761775641107903,1.3137229504486558,-0.2248855474614927,-0.03183647200087236,-0.58283386105382,-0.010992241467947625,0.07017046633607477,0.0010170237637935065,-0.0011835098266601562,-0.2248855474614927,-0.03183647200087236,-0.58283386105382,-0.010992241467947625,0.07017046633607477,0.0010170237637935065,1.0,0.08312649036211567,0.19424577435221038,0.9315648955330165,0.04645925484080393,0.1969109155969336,0.9024998346667837,4.9417431658690925,0.0,0.0,7,0.0384
114,0,0.0,0.06056618899558198,0.23581067905351705,0.9552955502711425,0.9930223499730864,0.040776387099476064,0.07979699128872166,0.07665728204358174,0.0024384328985531164,-0.0024769637757996324,0.26250426770139373,1.0090427742835033,0.11139261812327832,-1.2980643291871754,-0.4171863168061088,2.374226460170966,1.312865884984636,-0.2809709587706103,0.014662018402487043,-0.5189300522346884,-0.024770372988368067,0.06670558773080981,0.007804743659264535,-0.004344940185546875,-0.2809709587706103,0.014662018402487043,-0.5189300522346884,-0.024770372988368067,0.06670558773080981,0.007804743659264535,1.0,0.08035324246228305,0.1943349313590239,0.923503288974552,0.04645925484080393,0.1969109155969336,0.9024998346667837,4.943208396756663,0.0,0.0,7,0.0451
115,0,0.0,0.057665593120102054,0.23604427461408325,0.9482186040065048,0.9933005851527266,0.04134323787970584,0.07437063897071235,0.0781901034400125,0.0024319012082333878,-0.0025343017082969546,0.2658627389727821,1.0193719302790998,0.10921920138165887,-1.2952681359546048,-0.41401543525815726,2.3706789161265878,1.3118483183725858,-0.2587833235274429,0.010767593878290516,-0.3865578768236301,-0.04427489951657429,0.0623042554484462,0.008227717302602494,0.99755859375,-0.2587833235274429,0.010767593878290516,-0.3865578768236301,-0.04427489951657429,0.0623042554484462,0.008227717302602494,-1.0,0.07719639564656441,0.19433348899133127,0.9167475116058863,0.04646003937755245,0.1969076951769422,0.9024712883600632,4.7247741696509005,0.0,0.0,7,0.0475
